pid,cms_segid,cms_group_id,final_gender_code,age_level,pvalue_level,shopping_level,occupation,new_user_class_level,cate_id,customer,brand,price,user_count_1H,user_ctr_1H,user_count_1D,user_ctr_1D,user_count_3D,user_ctr_3D,dayofweek,is_weekend,hour,time_since_last_click,gender_cate,age_cate,user_brand,user_cate,hour_cate,price_bucket,user_cate_affinity
0.0502591545048032,0,3,2,3,2,3,0,-1,0.04874074892300895,139305,0.014705882352941176,1.8394863420693595,0.0,0.0,1.0,1.0,13.0,0.23076923076923078,5,1,0,0.0,0.04815455594002307,0.044897110787778007,0.051583829243689455,0.051583829243689455,0.04652498564043653,0,0.0
0.05372223227827954,18,3,2,3,2,3,0,1,0.05660377358490566,153031,0.022727272727272728,1.8031780619573845,0.0,0.0,0.0,0.0,0.0,0.0,5,1,21,316609.0,0.04821802935010482,0.05,0.051583829243689455,0.051583829243689455,0.049949566123000395,0,0.051583829243689455
0.05372223227827954,0,7,1,1,-1,2,0,-1,0.0458743842364532,177314,0.2,1.880506958839086,0.0,0.0,1.0,0.0,2.0,0.0,5,1,6,83266.0,0.048859934853420196,0.08888888888888889,0.051583829243689455,0.051583829243689455,0.04405286343612335,0,0.0
0.05372223227827954,18,3,2,3,2,3,0,1,0.0567517112632234,161673,0.05,1.83126011355907,0.0,0.0,0.0,0.0,1.0,0.0,5,1,1,124246.0,0.05712944122710909,0.06179775280898876,0.051583829243689455,0.051583829243689455,0.0626865671641791,0,0.051583829243689455
0.05372223227827954,0,3,2,3,-1,1,0,-1,0.049452359384007244,117322,0.05579554189085319,1.7218947624700471,0.0,0.0,0.0,0.0,0.0,0.0,6,1,6,0.0,0.049427575908412145,0.05066250974279034,0.051583829243689455,0.051583829243689455,0.04794996525364837,0,0.051583829243689455
0.05372223227827954,0,4,2,4,-1,3,0,2,0.04147982062780269,67181,0.06956521739130435,1.83126011355907,0.0,0.0,0.0,0.0,1.0,0.0,5,1,4,92905.0,0.04171135740674532,0.038538205980066444,0.051583829243689455,0.051583829243689455,0.04504504504504504,0,0.0
0.05372223227827954,0,2,2,2,1,3,0,-1,0.0585956416464891,52598,0.07401812688821752,1.9026719155555414,1.0,0.0,4.0,0.0,8.0,0.0,5,1,6,292.0,0.057914478619654916,0.06027000964320154,0.051583829243689455,0.051583829243689455,0.06181818181818182,0,0.0
0.0502591545048032,0,3,2,3,-1,3,0,4,0.06190476190476191,94558,0.3,1.5112131309970578,0.0,0.0,1.0,0.0,1.0,0.0,5,1,20,19470.0,0.06172839506172839,0.05555555555555555,0.051583829243689455,0.051583829243689455,0.049949566123000395,0,0.051583829243689455
0.0502591545048032,0,3,2,3,-1,3,0,-1,0.06287170773152082,245651,0.125,1.6830650011356276,0.0,0.0,0.0,0.0,0.0,0.0,6,1,2,0.0,0.060335195530726256,0.07082630691399663,0.051583829243689455,0.051583829243689455,0.049949566123000395,0,0.051583829243689455
0.0502591545048032,-1,-1,-1,-1,-1,-1,-1,-1,0.0330664089465691,38164,0.0,1.8131782269605679,0.0,0.0,0.0,0.0,0.0,0.0,5,1,7,999999.0,0.03178928247048138,0.03178928247048138,0.051583829243689455,0.051583829243689455,0.04084158415841584,0,0.051583829243689455
0.0502591545048032,0,1,2,1,-1,3,0,-1,0.06348425196850394,52358,0.05579554189085319,1.516176455872306,0.0,0.0,0.0,0.0,0.0,0.0,6,1,7,482803.0,0.06268836648583484,0.08196721311475409,0.051583829243689455,0.051583829243689455,0.03,0,0.051583829243689455
0.0502591545048032,67,9,1,3,2,3,0,4,0.0,12655,0.0,1.3973634811730353,1.0,1.0,8.0,0.125,27.0,0.07407407407407407,5,1,4,116.0,0.051583829243689455,0.051583829243689455,0.051583829243689455,0.051583829243689455,0.049949566123000395,0,0.051583829243689455
0.0502591545048032,0,8,1,2,-1,3,0,-1,0.05392809587217044,240810,0.0410958904109589,1.8810945047250232,0.0,0.0,0.0,0.0,0.0,0.0,5,1,6,524281.0,0.05731225296442688,0.04054054054054054,0.051583829243689455,0.051583829243689455,0.047619047619047616,0,0.0
0.0502591545048032,-1,-1,-1,-1,-1,-1,-1,-1,0.0567517112632234,186251,0.05579554189085319,1.418552650097388,2.0,0.0,7.0,0.0,18.0,0.05555555555555555,5,1,2,110.0,0.04259634888438134,0.04259634888438134,0.051583829243689455,0.051583829243689455,0.06920415224913495,0,0.0
0.0502591545048032,0,10,1,4,-1,3,0,4,0.07225433526011561,127875,0.05579554189085319,2.4194784443591764,0.0,0.0,0.0,0.0,1.0,1.0,6,1,7,132270.0,0.07003891050583658,0.11235955056179775,0.051583829243689455,0.051583829243689455,0.049949566123000395,0,0.051583829243689455
0.0502591545048032,-1,-1,-1,-1,-1,-1,-1,-1,0.049452359384007244,186572,0.05579554189085319,1.710657776180059,0.0,0.0,1.0,0.0,1.0,0.0,5,1,2,38104.0,0.04902789518174133,0.04902789518174133,0.051583829243689455,0.051583829243689455,0.042926829268292686,0,0.051583829243689455
0.0502591545048032,0,1,2,1,-1,2,0,-1,0.05749550979491249,60305,0.05579554189085319,1.7405504459900154,0.0,0.0,1.0,0.0,3.0,0.0,6,1,1,34580.0,0.057334763510062316,0.06445074989866234,0.051583829243689455,0.051583829243689455,0.053629218677762366,0,0.051583829243689455
0.0502591545048032,54,8,1,2,2,3,1,2,0.030303030303030304,42680,0.056862745098039215,1.9373264503987613,0.0,0.0,0.0,0.0,0.0,0.0,5,1,7,999999.0,0.047619047619047616,0.0,0.051583829243689455,0.051583829243689455,0.049949566123000395,0,0.051583829243689455
0.0502591545048032,0,9,1,3,-1,3,0,3,0.04025974025974026,73306,0.03896103896103896,2.061336375916122,0.0,0.0,0.0,0.0,0.0,0.0,5,1,20,999999.0,0.03784570596797671,0.02866779089376054,0.051583829243689455,0.051583829243689455,0.04065040650406504,0,0.051583829243689455
0.0502591545048032,0,2,2,2,-1,3,0,1,0.0565676867219917,147392,0.05579554189085319,1.6807250824647135,0.0,0.0,4.0,0.0,10.0,0.0,5,1,4,18813.0,0.05659936072347392,0.053558744139792586,0.051583829243689455,0.051583829243689455,0.05497076023391813,0,0.0
0.05372223227827954,0,7,1,1,-1,3,1,-1,0.04189044038668099,2883,0.041237113402061855,1.6313704001963978,3.0,0.3333333333333333,4.0,0.25,4.0,0.25,6,1,3,34.0,0.03435114503816794,0.06896551724137931,0.051583829243689455,0.051583829243689455,0.049949566123000395,0,0.0
0.05372223227827954,89,11,1,5,1,3,0,3,0.05642669775575634,139450,0.07177406771727259,1.4950290929041943,2.0,0.0,2.0,0.0,5.0,0.2,5,1,19,40.0,0.05560928433268859,0.060147122457810474,0.051583829243689455,0.051583829243689455,0.07572614107883817,0,0.051583829243689455
0.05372223227827954,79,10,1,4,2,3,0,1,0.07291666666666667,209878,0.028662420382165606,1.9733036949652514,0.0,0.0,0.0,0.0,0.0,0.0,6,1,2,669131.0,0.04878048780487805,0.07142857142857142,0.051583829243689455,0.051583829243689455,0.049949566123000395,0,0.051583829243689455
0.05372223227827954,8,2,2,2,3,3,0,3,0.05471887550200803,37235,0.0,1.8050312345642245,0.0,0.0,3.0,0.0,13.0,0.0,5,1,12,0.0,0.05704697986577181,0.06666666666666667,0.051583829243689455,0.051583829243689455,0.049949566123000395,0,0.0
0.0502591545048032,81,10,1,4,2,3,0,3,0.056768558951965066,184094,0.05579554189085319,1.3973634811730353,1.0,0.0,5.0,0.0,6.0,0.0,5,1,23,70.0,0.05982905982905983,0.0196078431372549,0.051583829243689455,0.051583829243689455,0.049949566123000395,0,0.051583829243689455
0.0502591545048032,0,1,2,1,-1,3,0,2,0.0545785726113595,101774,0.05813953488372093,1.6830650011356276,1.0,0.0,2.0,0.0,4.0,0.0,5,1,18,0.0,0.05412298101445168,0.054246575342465755,0.051583829243689455,0.051583829243689455,0.06291591046581972,0,0.0
0.05372223227827954,-1,-1,-1,-1,-1,-1,-1,-1,0.04578313253012048,36588,0.030927835051546393,1.7323562465403226,0.0,0.0,0.0,0.0,0.0,0.0,5,1,7,999999.0,0.09090909090909091,0.09090909090909091,0.051583829243689455,0.051583829243689455,0.049949566123000395,0,0.051583829243689455
0.05372223227827954,0,4,2,4,-1,3,0,-1,0.04715106007067138,41434,0.018518518518518517,2.063984706849583,0.0,0.0,2.0,0.0,7.0,0.0,5,1,6,86176.0,0.046084176877996805,0.04824561403508772,0.051583829243689455,0.051583829243689455,0.04186795491143317,0,0.0
0.05372223227827954,7,2,2,2,2,3,0,2,0.05749550979491249,159994,0.05859872611464968,1.9021737291891516,0.0,0.0,0.0,0.0,1.0,0.0,5,1,20,140002.0,0.057334763510062316,0.056348451210487364,0.051583829243689455,0.051583829243689455,0.057371581054036024,0,0.051583829243689455
0.05372223227827954,0,12,1,6,-1,3,0,4,0.05789775990809879,233815,0.10526315789473684,1.9990196811606853,0.0,0.0,0.0,0.0,0.0,0.0,5,1,2,999999.0,0.05253940455341506,0.0718232044198895,0.051583829243689455,0.051583829243689455,0.06534090909090909,0,0.051583829243689455
0.0502591545048032,34,4,2,4,2,3,0,3,0.0603949407149372,254381,0.07692307692307693,1.8732454942989716,0.0,0.0,0.0,0.0,0.0,0.0,5,1,5,425367.0,0.06070017708759025,0.05795471218271629,0.051583829243689455,0.051583829243689455,0.056506296415886344,0,0.0
0.0502591545048032,0,10,1,4,-1,3,0,2,0.0603949407149372,147460,0.09105960264900662,1.9730196976615502,0.0,0.0,0.0,0.0,5.0,0.0,6,1,0,146722.0,0.058846855420731224,0.05795471218271629,0.051583829243689455,0.051583829243689455,0.058706687265504306,0,0.0
0.0502591545048032,0,8,1,2,-1,3,0,2,0.05392809587217044,128154,0.07446808510638298,1.868819104784765,0.0,0.0,0.0,0.0,0.0,0.0,5,1,0,999999.0,0.05731225296442688,0.04054054054054054,0.051583829243689455,0.051583829243689455,0.06944444444444445,0,0.051583829243689455
0.0502591545048032,0,4,2,4,-1,3,0,-1,0.04147982062780269,120266,0.057971014492753624,1.8131782269605679,0.0,0.0,3.0,0.0,7.0,0.0,5,1,16,65497.0,0.04171135740674532,0.038538205980066444,0.051583829243689455,0.051583829243689455,0.05273833671399594,0,0.0
0.05372223227827954,0,4,2,4,-1,3,0,3,0.0565676867219917,57349,0.05579554189085319,1.7694345201285457,0.0,0.0,0.0,0.0,0.0,0.0,6,1,7,649483.0,0.05659936072347392,0.049521026140607244,0.051583829243689455,0.051583829243689455,0.05636478784040532,0,0.051583829243689455
0.0502591545048032,0,5,2,5,-1,3,0,2,0.0603949407149372,45234,0.13333333333333333,2.0046165576255577,0.0,0.0,1.0,0.0,1.0,0.0,5,1,7,30520.0,0.06070017708759025,0.059632729868275905,0.051583829243689455,0.051583829243689455,0.06170257268353901,0,0.051583829243689455
0.0502591545048032,0,5,2,5,2,3,0,-1,0.052854122621564484,12030,0.051583829243689455,2.1396069221994747,0.0,0.0,0.0,0.0,3.0,0.0,5,1,2,107081.0,0.059602649006622516,0.04504504504504504,0.051583829243689455,0.051583829243689455,0.049949566123000395,0,0.051583829243689455
0.0502591545048032,0,3,2,3,-1,3,0,2,0.12280701754385964,141922,0.0,1.6551961525056738,0.0,0.0,0.0,0.0,0.0,0.0,6,1,1,342156.0,0.14634146341463414,0.17647058823529413,0.051583829243689455,0.051583829243689455,0.049949566123000395,0,0.051583829243689455
0.0502591545048032,0,4,2,4,-1,3,0,2,0.05245460659045057,91992,0.04560260586319218,1.6281310150671582,0.0,0.0,0.0,0.0,0.0,0.0,6,1,6,999999.0,0.050359712230215826,0.05873015873015873,0.051583829243689455,0.051583829243689455,0.07964601769911504,0,0.051583829243689455
0.05372223227827954,0,2,2,2,-1,3,0,2,0.05749550979491249,10917,0.05579554189085319,1.6310493292985468,0.0,0.0,0.0,0.0,0.0,0.0,5,1,3,999999.0,0.057334763510062316,0.056348451210487364,0.051583829243689455,0.051583829243689455,0.06396989651928504,0,0.051583829243689455
0.0502591545048032,89,11,1,5,1,3,0,3,0.0478867515578434,159653,0.05579554189085319,1.8031780619573845,0.0,0.0,0.0,0.0,1.0,0.0,5,1,18,0.0,0.04746977160770264,0.05147347740667976,0.051583829243689455,0.051583829243689455,0.04285714285714286,0,0.0
0.0502591545048032,0,1,2,1,-1,3,0,-1,0.04874074892300895,182227,0.048292108362779744,1.4818766360989102,0.0,0.0,0.0,0.0,3.0,0.0,6,1,7,100664.0,0.04815455594002307,0.05652704351362343,0.051583829243689455,0.051583829243689455,0.04468412942989214,0,0.0
0.05372223227827954,51,7,1,1,2,3,0,3,0.03792547643879776,93954,0.020833333333333332,1.832105201899316,0.0,0.0,0.0,0.0,0.0,0.0,6,1,6,999999.0,0.03764274636966023,0.04066073697585769,0.051583829243689455,0.051583829243689455,0.033426183844011144,0,0.051583829243689455
0.0502591545048032,-1,-1,-1,-1,-1,-1,-1,-1,0.053763440860215055,250539,0.05579554189085319,1.780778386075876,3.0,0.0,3.0,0.0,3.0,0.0,5,1,23,0.0,0.06461232604373758,0.06461232604373758,0.051583829243689455,0.051583829243689455,0.05802047781569966,0,0.051583829243689455
0.0502591545048032,0,3,2,3,1,1,0,-1,0.06287170773152082,192136,0.05579554189085319,1.6807250824647135,0.0,0.0,0.0,0.0,2.0,0.0,5,1,1,89825.0,0.060335195530726256,0.07082630691399663,0.051583829243689455,0.051583829243689455,0.049949566123000395,0,0.0
0.0502591545048032,0,1,2,1,-1,3,0,-1,0.043791054113231156,87803,0.125,2.06759075724252,0.0,0.0,0.0,0.0,2.0,0.0,6,1,5,121840.0,0.04496617588539594,0.02857142857142857,0.051583829243689455,0.051583829243689455,0.0546448087431694,0,0.051583829243689455
0.05372223227827954,0,11,1,5,-1,3,0,2,0.05638782358581016,51078,0.05579554189085319,1.9914500672545563,0.0,0.0,3.0,0.0,3.0,0.0,5,1,13,36143.0,0.052415210688591986,0.05872529919287504,0.051583829243689455,0.051583829243689455,0.08620689655172414,0,0.051583829243689455
0.05372223227827954,0,3,2,3,-1,3,0,2,0.04892367906066536,7784,0.024390243902439025,1.6214540309583532,0.0,0.0,0.0,0.0,6.0,0.0,6,1,1,102412.0,0.05156723963599596,0.05244755244755245,0.051583829243689455,0.051583829243689455,0.04195804195804196,0,0.051583829243689455
0.0502591545048032,-1,-1,-1,-1,-1,-1,-1,-1,0.041237113402061855,178375,0.02564102564102564,1.9443319639317302,0.0,0.0,0.0,0.0,0.0,0.0,5,1,23,999999.0,0.08823529411764706,0.08823529411764706,0.051583829243689455,0.051583829243689455,0.049949566123000395,0,0.051583829243689455
0.0502591545048032,6,2,2,2,1,2,0,-1,0.02654867256637168,211653,0.07142857142857142,1.2917246727283112,0.0,0.0,0.0,0.0,0.0,0.0,5,1,18,999999.0,0.03614457831325301,0.0,0.051583829243689455,0.051583829243689455,0.049949566123000395,0,0.051583829243689455
0.05372223227827954,22,3,2,3,3,3,0,4,0.0585956416464891,20806,0.0690978886756238,1.6659050929776016,0.0,0.0,0.0,0.0,0.0,0.0,6,1,1,999999.0,0.057914478619654916,0.05265772478887233,0.051583829243689455,0.051583829243689455,0.044444444444444446,0,0.051583829243689455
0.0502591545048032,7,2,2,2,2,3,0,2,0.0603949407149372,32791,0.061224489795918366,1.9761078731375774,1.0,0.0,1.0,0.0,2.0,0.0,5,1,8,209.0,0.06070017708759025,0.062436946530658,0.051583829243689455,0.051583829243689455,0.06759656652360516,0,0.0
0.0502591545048032,0,9,1,3,-1,3,0,4,0.04892367906066536,211334,0.050816696914700546,1.4818766360989102,0.0,0.0,0.0,0.0,0.0,0.0,6,1,4,999999.0,0.039045553145336226,0.05244755244755245,0.051583829243689455,0.051583829243689455,0.041666666666666664,0,0.051583829243689455
0.0502591545048032,-1,-1,-1,-1,-1,-1,-1,-1,0.05749550979491249,154706,0.0783132530120482,2.052419326968636,2.0,0.0,3.0,0.0,11.0,0.09090909090909091,6,1,3,105.0,0.06289308176100629,0.06289308176100629,0.051583829243689455,0.051583829243689455,0.06396989651928504,0,0.25
0.05372223227827954,19,3,2,3,2,3,0,2,0.04892367906066536,22974,0.0625,1.5451936315479267,0.0,0.0,1.0,0.0,3.0,0.0,5,1,23,62775.0,0.05156723963599596,0.05244755244755245,0.051583829243689455,0.051583829243689455,0.05232558139534884,0,0.051583829243689455
0.05372223227827954,42,5,2,5,1,3,0,3,0.0603949407149372,171649,0.05579554189085319,1.8410740844298052,0.0,0.0,4.0,0.0,15.0,0.0,5,1,3,21126.0,0.06070017708759025,0.059632729868275905,0.051583829243689455,0.051583829243689455,0.05991883504416329,0,0.0
0.0502591545048032,0,11,1,5,1,2,0,-1,0.03508771929824561,143457,0.08333333333333333,1.5397794579522743,0.0,0.0,3.0,0.0,5.0,0.0,5,1,17,55008.0,0.013888888888888888,0.038461538461538464,0.051583829243689455,0.051583829243689455,0.049949566123000395,0,0.0
0.0502591545048032,0,2,2,2,-1,1,0,-1,0.0330664089465691,145724,0.023346303501945526,1.9758303417089067,0.0,0.0,0.0,0.0,0.0,0.0,6,1,4,999999.0,0.030564545127651922,0.030349478847332925,0.051583829243689455,0.051583829243689455,0.037227214377406934,0,0.051583829243689455
0.05372223227827954,44,5,2,5,2,3,0,2,0.04680581910183428,112145,0.05,1.9671966564317944,0.0,0.0,0.0,0.0,0.0,0.0,5,1,18,999999.0,0.04645048203330412,0.04404567699836868,0.051583829243689455,0.051583829243689455,0.025906735751295335,0,0.051583829243689455
0.05372223227827954,80,10,1,4,2,3,0,2,0.0478867515578434,39067,0.0,2.0215013028841584,0.0,0.0,1.0,0.0,4.0,0.0,6,1,2,0.0,0.04746977160770264,0.0480217456961643,0.051583829243689455,0.051583829243689455,0.06484641638225255,0,0.0
0.05372223227827954,0,2,2,2,-1,3,0,2,0.05790223065970574,218048,0.06636155606407322,1.6807250824647135,0.0,0.0,14.0,0.0,21.0,0.0,6,1,3,6168.0,0.05847607796810396,0.06976744186046512,0.051583829243689455,0.051583829243689455,0.09782608695652174,0,0.0
0.0502591545048032,81,10,1,4,2,3,0,4,0.03575772318170761,211210,0.05579554189085319,1.8970839874548464,1.0,0.0,1.0,0.0,9.0,0.0,5,1,23,284.0,0.03369272237196765,0.03687315634218289,0.051583829243689455,0.051583829243689455,0.042105263157894736,0,0.0
0.05372223227827954,0,2,2,2,-1,3,0,3,0.0565676867219917,146905,0.0,1.8131782269605679,0.0,0.0,8.0,0.0,32.0,0.0,5,1,13,6235.0,0.05659936072347392,0.053558744139792586,0.051583829243689455,0.051583829243689455,0.049689440993788817,0,0.0
0.0502591545048032,0,11,1,5,-1,2,0,-1,0.04578313253012048,137619,0.0,1.7513148227387971,0.0,0.0,0.0,0.0,1.0,0.0,5,1,1,105201.0,0.022988505747126436,0.03076923076923077,0.051583829243689455,0.051583829243689455,0.049949566123000395,0,0.0
0.0502591545048032,0,4,2,4,-1,3,0,3,0.04147982062780269,76590,0.06944444444444445,1.7218947624700471,0.0,0.0,12.0,0.25,14.0,0.21428571428571427,5,1,1,16176.0,0.04171135740674532,0.038538205980066444,0.051583829243689455,0.051583829243689455,0.030107526881720432,0,0.0
0.0502591545048032,2,1,2,1,1,3,0,4,0.0565676867219917,60230,0.05579554189085319,1.5163019408528369,0.0,0.0,0.0,0.0,0.0,0.0,6,1,3,999999.0,0.05659936072347392,0.05970149253731343,0.051583829243689455,0.051583829243689455,0.060350877192982454,0,0.051583829243689455
0.05372223227827954,7,2,2,2,1,3,0,2,0.017857142857142856,183194,0.05579554189085319,2.150756703343875,0.0,0.0,0.0,0.0,1.0,0.0,5,1,16,172237.0,0.0,0.0,0.051583829243689455,0.051583829243689455,0.049949566123000395,0,0.051583829243689455
0.0502591545048032,60,9,1,3,1,2,0,1,0.04225352112676056,139926,0.045307443365695796,2.284912339700975,3.0,0.0,3.0,0.0,3.0,0.0,5,1,17,0.0,0.05976095617529881,0.0335195530726257,0.051583829243689455,0.051583829243689455,0.049949566123000395,0,0.051583829243689455
0.0502591545048032,8,2,2,2,2,3,0,3,0.05719077568134172,251941,0.17647058823529413,1.7254454175754992,0.0,0.0,0.0,0.0,0.0,0.0,5,1,6,999999.0,0.05704555129842486,0.05060240963855422,0.051583829243689455,0.051583829243689455,0.05491698595146871,0,0.051583829243689455
0.05372223227827954,17,3,2,3,1,3,0,4,0.0478867515578434,98741,0.032,1.9021737291891516,0.0,0.0,0.0,0.0,0.0,0.0,5,1,18,296096.0,0.04751209398756047,0.044367015098722415,0.051583829243689455,0.051583829243689455,0.04285714285714286,0,0.051583829243689455
0.0502591545048032,0,2,2,2,-1,2,0,-1,0.049452359384007244,120970,0.05579554189085319,1.9410622367698473,0.0,0.0,0.0,0.0,2.0,0.0,6,1,6,202167.0,0.049427575908412145,0.053001053001053004,0.051583829243689455,0.051583829243689455,0.04794996525364837,0,0.0
0.05372223227827954,19,3,2,3,2,3,0,2,0.025210084033613446,15060,0.02564102564102564,1.8394863420693595,0.0,0.0,0.0,0.0,0.0,0.0,5,1,8,999999.0,0.02727272727272727,0.0,0.051583829243689455,0.051583829243689455,0.049949566123000395,0,0.051583829243689455
0.0502591545048032,26,4,2,4,1,2,0,2,0.05749550979491249,13787,0.05579554189085319,1.7795609835022244,0.0,0.0,0.0,0.0,1.0,0.0,5,1,22,163967.0,0.057334763510062316,0.05475424896646761,0.051583829243689455,0.051583829243689455,0.0548823948681397,0,0.051583829243689455
0.0502591545048032,0,11,1,5,-1,3,0,2,0.02849002849002849,164099,0.0,2.0966509811308525,0.0,0.0,1.0,1.0,3.0,0.3333333333333333,6,1,0,65101.0,0.03333333333333333,0.06862745098039216,0.051583829243689455,0.051583829243689455,0.049949566123000395,0,0.051583829243689455
0.0502591545048032,78,10,1,4,1,3,0,4,0.05187319884726225,244194,0.06666666666666667,1.7681175901689326,0.0,0.0,1.0,0.0,1.0,0.0,5,1,3,11656.0,0.045137023105857065,0.0467741935483871,0.051583829243689455,0.051583829243689455,0.06403940886699508,0,0.0
0.0502591545048032,0,5,2,5,-1,3,0,-1,0.0478867515578434,221806,0.0,1.9443319639317302,1.0,0.0,4.0,0.0,6.0,0.0,5,1,3,55.0,0.04751209398756047,0.05147347740667976,0.051583829243689455,0.051583829243689455,0.0513950073421439,0,0.125
0.05372223227827954,0,4,2,4,-1,3,0,4,0.05749550979491249,58884,0.05579554189085319,1.9334764565955942,0.0,0.0,0.0,0.0,1.0,0.0,6,1,3,96367.0,0.057334763510062316,0.05475424896646761,0.051583829243689455,0.051583829243689455,0.06396989651928504,0,0.051583829243689455
0.05372223227827954,18,3,2,3,2,3,0,1,0.05104364326375711,82762,0.04570383912248629,1.755698992678211,0.0,0.0,0.0,0.0,0.0,0.0,6,1,2,999999.0,0.05306217858812529,0.04931714719271624,0.051583829243689455,0.051583829243689455,0.05982905982905983,0,0.051583829243689455
0.05372223227827954,7,2,2,2,2,3,0,1,0.05749550979491249,101665,0.04716981132075472,1.8141402142832723,0.0,0.0,0.0,0.0,0.0,0.0,6,1,0,999999.0,0.057334763510062316,0.056348451210487364,0.051583829243689455,0.051583829243689455,0.05317247542448615,0,0.051583829243689455
0.0502591545048032,0,8,1,2,-1,2,0,-1,0.0330664089465691,125450,0.06896551724137931,1.7236894193081453,2.0,0.0,4.0,0.0,4.0,0.0,6,1,6,86.0,0.03502492649878563,0.030349478847332925,0.051583829243689455,0.051583829243689455,0.02332657200811359,0,0.0
0.05372223227827954,22,3,2,3,3,3,0,3,0.048242591316333565,28664,0.06666666666666667,1.6579414149579819,0.0,0.0,2.0,0.0,5.0,0.0,5,1,5,28141.0,0.048983364140480594,0.05370101596516691,0.051583829243689455,0.051583829243689455,0.05134474327628362,0,0.051583829243689455
0.05372223227827954,0,9,1,3,-1,3,0,-1,0.05104364326375711,161726,0.05579554189085319,1.6830650011356276,0.0,0.0,2.0,0.0,7.0,0.14285714285714285,5,1,17,4359.0,0.04071246819338423,0.04931714719271624,0.051583829243689455,0.051583829243689455,0.03987730061349693,0,0.0
0.05372223227827954,-1,-1,-1,-1,-1,-1,-1,-1,0.04874074892300895,92124,0.048292108362779744,1.4892992254175486,1.0,0.0,1.0,0.0,1.0,0.0,5,1,8,305.0,0.05854483925549915,0.05854483925549915,0.051583829243689455,0.051583829243689455,0.03849443969204448,0,0.051583829243689455
0.0502591545048032,1,1,2,1,1,2,0,2,0.0603949407149372,55386,0.05579554189085319,1.7236894193081453,4.0,0.0,4.0,0.0,4.0,0.0,5,1,19,0.0,0.06070017708759025,0.06603174603174604,0.051583829243689455,0.051583829243689455,0.061142397425583264,0,0.051583829243689455
0.0502591545048032,0,5,2,5,-1,3,0,-1,0.05749550979491249,218302,0.05579554189085319,1.8141402142832723,0.0,0.0,0.0,0.0,0.0,0.0,5,1,6,999999.0,0.057334763510062316,0.0630307855626327,0.051583829243689455,0.051583829243689455,0.05934536555521566,0,0.051583829243689455
0.0502591545048032,31,4,2,4,1,3,0,3,0.04460966542750929,224445,0.04868494683827644,1.9406936156614254,0.0,0.0,0.0,0.0,0.0,0.0,5,1,16,492415.0,0.047049749325106055,0.045454545454545456,0.051583829243689455,0.051583829243689455,0.02040816326530612,0,0.051583829243689455
0.0502591545048032,20,3,2,3,2,3,0,4,0.04874074892300895,139784,0.04878048780487805,1.9446900546295833,0.0,0.0,0.0,0.0,0.0,0.0,5,1,15,999999.0,0.04815455594002307,0.044897110787778007,0.051583829243689455,0.051583829243689455,0.04023972602739726,0,0.051583829243689455
0.0502591545048032,0,4,2,4,-1,2,0,3,0.0,53221,0.043478260869565216,1.571842395783103,0.0,0.0,1.0,0.0,2.0,0.5,5,1,0,81947.0,0.051583829243689455,0.0,0.051583829243689455,0.051583829243689455,0.049949566123000395,0,0.051583829243689455
0.05372223227827954,0,3,2,3,-1,3,0,2,0.05789775990809879,20806,0.0690978886756238,1.83126011355907,0.0,0.0,0.0,0.0,2.0,0.0,5,1,8,176434.0,0.05863509749303621,0.057803468208092484,0.051583829243689455,0.051583829243689455,0.061946902654867256,0,0.051583829243689455
0.0502591545048032,0,3,2,3,-1,1,0,-1,0.051893408134642355,240240,0.03571428571428571,1.52842695055997,0.0,0.0,0.0,0.0,0.0,0.0,5,1,1,999999.0,0.05426109160548995,0.06359102244389027,0.051583829243689455,0.051583829243689455,0.06172839506172839,0,0.051583829243689455
0.05372223227827954,34,4,2,4,2,3,0,4,0.05638782358581016,67910,0.05579554189085319,1.7236894193081453,0.0,0.0,0.0,0.0,0.0,0.0,5,1,22,501265.0,0.05639505458752079,0.054838709677419356,0.051583829243689455,0.051583829243689455,0.07053941908713693,0,0.051583829243689455
0.05372223227827954,2,1,2,1,1,3,0,1,0.053763440860215055,255488,0.05579554189085319,1.696412959743625,0.0,0.0,0.0,0.0,0.0,0.0,5,1,21,397840.0,0.05322423849643552,0.06164383561643835,0.051583829243689455,0.051583829243689455,0.06224899598393574,0,0.051583829243689455
0.05372223227827954,8,2,2,2,2,3,0,4,0.0585956416464891,118571,0.05579554189085319,2.0678439588232274,0.0,0.0,0.0,0.0,3.0,0.0,5,1,6,0.0,0.057914478619654916,0.06027000964320154,0.051583829243689455,0.051583829243689455,0.06181818181818182,0,0.0
0.0502591545048032,0,5,2,5,-1,2,0,-1,0.0603949407149372,129506,0.07954545454545454,1.9021737291891516,1.0,0.0,3.0,0.0,9.0,0.0,5,1,1,43.0,0.06070017708759025,0.059632729868275905,0.051583829243689455,0.051583829243689455,0.05395082358558129,0,0.0
0.0502591545048032,81,10,1,4,2,3,0,3,0.05676392572944297,27676,0.05579554189085319,1.8402825130491083,0.0,0.0,0.0,0.0,0.0,0.0,5,1,4,999999.0,0.06278026905829596,0.04597701149425287,0.051583829243689455,0.051583829243689455,0.0425531914893617,0,0.051583829243689455
0.0502591545048032,-1,-1,-1,-1,-1,-1,-1,-1,0.04874074892300895,130358,0.049752039673652215,1.780778386075876,0.0,0.0,0.0,0.0,0.0,0.0,6,1,4,999999.0,0.05854483925549915,0.05854483925549915,0.051583829243689455,0.051583829243689455,0.05819070904645477,0,0.051583829243689455
0.0502591545048032,-1,-1,-1,-1,-1,-1,-1,-1,0.04874074892300895,142725,0.06,1.8131782269605679,0.0,0.0,0.0,0.0,0.0,0.0,5,1,23,0.0,0.05854483925549915,0.05854483925549915,0.051583829243689455,0.051583829243689455,0.06320987654320988,0,0.051583829243689455
0.0502591545048032,5,2,2,2,1,3,1,3,0.0603949407149372,25788,0.05579554189085319,1.8031780619573845,0.0,0.0,0.0,0.0,0.0,0.0,5,1,17,384760.0,0.06070017708759025,0.062436946530658,0.051583829243689455,0.051583829243689455,0.0562019758507135,0,0.051583829243689455
0.05372223227827954,0,4,2,4,-1,3,0,2,0.042006648534300396,234536,0.0,1.9117905099724466,0.0,0.0,3.0,0.0,10.0,0.0,5,1,17,40217.0,0.04191238416175232,0.03260225251926497,0.051583829243689455,0.051583829243689455,0.041666666666666664,0,0.0
0.0502591545048032,90,11,1,5,2,3,0,1,0.04874074892300895,54588,0.05253784505788068,1.8031780619573845,0.0,0.0,5.0,0.0,6.0,0.0,6,1,7,0.0,0.04643569744240885,0.051709179246920006,0.051583829243689455,0.051583829243689455,0.04468412942989214,0,0.051583829243689455
0.05372223227827954,0,3,2,3,-1,3,0,-1,0.0603949407149372,189102,0.05579554189085319,1.880506958839086,0.0,0.0,0.0,0.0,3.0,0.3333333333333333,6,1,1,154630.0,0.06070017708759025,0.06054628224582701,0.051583829243689455,0.051583829243689455,0.05395082358558129,0,0.1111111111111111
0.0502591545048032,0,3,2,3,-1,3,0,2,0.0585956416464891,49812,0.05579554189085319,1.4717601349138203,0.0,0.0,0.0,0.0,0.0,0.0,5,1,18,277267.0,0.057914478619654916,0.05265772478887233,0.051583829243689455,0.051583829243689455,0.033860045146726865,0,0.051583829243689455
0.05372223227827954,0,4,2,4,-1,3,0,2,0.04874074892300895,52940,0.059845559845559844,1.804210600378433,0.0,0.0,1.0,0.0,1.0,0.0,6,1,7,44681.0,0.04815455594002307,0.04367754111620383,0.051583829243689455,0.051583829243689455,0.04468412942989214,0,0.051583829243689455
0.0502591545048032,0,3,2,3,-1,3,0,4,0.0565676867219917,169056,0.05579554189085319,1.8694605040153234,0.0,0.0,2.0,0.0,3.0,0.0,5,1,6,30342.0,0.05659936072347392,0.06056994257232636,0.051583829243689455,0.051583829243689455,0.051269035532994923,0,0.051583829243689455
0.0502591545048032,0,4,2,4,-1,2,0,-1,0.05719077568134172,201820,0.05579554189085319,1.8394863420693595,0.0,0.0,0.0,0.0,0.0,0.0,6,1,7,999999.0,0.05704555129842486,0.05414931111823133,0.051583829243689455,0.051583829243689455,0.060550458715596334,0,0.051583829243689455
0.0502591545048032,66,9,1,3,2,3,0,2,0.07058823529411765,26743,0.024096385542168676,1.1622831138840004,0.0,0.0,0.0,0.0,0.0,0.0,6,1,4,309133.0,0.06818181818181818,0.043478260869565216,0.051583829243689455,0.051583829243689455,0.049949566123000395,0,0.051583829243689455
0.05372223227827954,0,9,1,3,-1,3,0,2,0.03792547643879776,249356,0.05579554189085319,1.8402825130491083,0.0,0.0,0.0,0.0,0.0,0.0,6,1,6,999999.0,0.03764274636966023,0.035394788020225595,0.051583829243689455,0.051583829243689455,0.033426183844011144,0,0.051583829243689455
0.0502591545048032,-1,-1,-1,-1,-1,-1,-1,-1,0.049664429530201344,73649,0.05579554189085319,1.6281310150671582,0.0,0.0,0.0,0.0,2.0,0.0,6,1,1,87495.0,0.13157894736842105,0.13157894736842105,0.051583829243689455,0.051583829243689455,0.049949566123000395,0,0.051583829243689455
0.0502591545048032,7,2,2,2,1,3,0,2,0.030609842241582294,150538,0.05579554189085319,1.9644832377931056,0.0,0.0,1.0,0.0,1.0,0.0,5,1,5,24581.0,0.03190519598906107,0.034482758620689655,0.051583829243689455,0.051583829243689455,0.04693140794223827,0,0.051583829243689455
0.0502591545048032,88,11,1,5,1,3,0,1,0.046528173022196924,234644,0.05579554189085319,2.229374371739768,1.0,0.0,2.0,0.0,2.0,0.0,5,1,6,158.0,0.04916593503072871,0.04542701393095094,0.051583829243689455,0.051583829243689455,0.04585152838427948,0,0.051583829243689455
0.05372223227827954,21,3,2,3,3,3,0,1,0.04874074892300895,142725,0.06,1.8131782269605679,0.0,0.0,1.0,1.0,1.0,1.0,6,1,2,41536.0,0.04815455594002307,0.044897110787778007,0.051583829243689455,0.051583829243689455,0.04085480829666876,0,0.051583829243689455
0.0502591545048032,0,4,2,4,-1,3,0,3,0.0565676867219917,129027,0.07526881720430108,1.755698992678211,0.0,0.0,0.0,0.0,0.0,0.0,6,1,7,999999.0,0.05659936072347392,0.049521026140607244,0.051583829243689455,0.051583829243689455,0.05636478784040532,0,0.051583829243689455
0.05372223227827954,0,4,2,4,-1,3,0,3,0.0603949407149372,38817,0.056686046511627904,1.8622302516766631,0.0,0.0,3.0,0.0,3.0,0.0,6,1,7,25896.0,0.06070017708759025,0.05795471218271629,0.051583829243689455,0.051583829243689455,0.06170257268353901,0,0.051583829243689455
0.0502591545048032,0,3,2,3,-1,3,0,3,0.05676392572944297,223859,0.05579554189085319,1.9163427015318748,0.0,0.0,0.0,0.0,0.0,0.0,5,1,10,999999.0,0.05487411233053583,0.05511811023622047,0.051583829243689455,0.051583829243689455,0.049949566123000395,0,0.051583829243689455
0.0502591545048032,8,2,2,2,1,3,0,3,0.0603949407149372,56581,0.08208955223880597,1.7694345201285457,0.0,0.0,8.0,0.0,14.0,0.0,5,1,4,19986.0,0.06070017708759025,0.062436946530658,0.051583829243689455,0.051583829243689455,0.06127972163154843,0,0.0
0.0502591545048032,0,11,1,5,-1,2,0,-1,0.046528173022196924,51386,0.024691358024691357,1.8402825130491083,1.0,0.0,1.0,0.0,1.0,0.0,5,1,13,152.0,0.04916593503072871,0.04542701393095094,0.051583829243689455,0.051583829243689455,0.049949566123000395,0,0.051583829243689455
0.0502591545048032,0,10,1,4,-1,3,0,2,0.049452359384007244,130391,0.07984790874524715,1.8970839874548464,0.0,0.0,0.0,0.0,0.0,0.0,5,1,7,446047.0,0.04978426817125788,0.04491386382280558,0.051583829243689455,0.051583829243689455,0.04563492063492063,0,0.0
0.05372223227827954,34,4,2,4,2,3,0,3,0.04912663755458515,128727,0.056291390728476824,1.7694345201285457,2.0,0.0,12.0,0.0,19.0,0.0,5,1,22,0.0,0.04881952781112445,0.04113924050632911,0.051583829243689455,0.051583829243689455,0.05084745762711865,0,0.051583829243689455
0.05372223227827954,0,3,2,3,-1,3,0,3,0.04715106007067138,145548,0.0625,1.6579414149579819,0.0,0.0,4.0,0.0,5.0,0.0,5,1,22,11280.0,0.046084176877996805,0.04826038159371493,0.051583829243689455,0.051583829243689455,0.05794392523364486,0,0.051583829243689455
0.0502591545048032,7,2,2,2,1,3,0,2,0.05676392572944297,36675,0.05579554189085319,1.3973634811730353,0.0,0.0,5.0,0.0,11.0,0.0,6,1,5,9491.0,0.05487411233053583,0.0646900269541779,0.051583829243689455,0.051583829243689455,0.07874015748031496,0,0.0
0.0502591545048032,0,3,2,3,-1,2,0,-1,0.04874074892300895,13787,0.05579554189085319,1.700619000072578,0.0,0.0,3.0,0.0,5.0,0.0,5,1,7,48302.0,0.04815455594002307,0.044897110787778007,0.051583829243689455,0.051583829243689455,0.04468412942989214,0,0.0
0.0502591545048032,53,8,1,2,1,2,1,3,0.04665629860031104,244007,0.0,1.6248263889219656,0.0,0.0,3.0,0.0,3.0,0.0,5,1,6,16834.0,0.05154639175257732,0.031578947368421054,0.051583829243689455,0.051583829243689455,0.05,0,0.0
0.05372223227827954,0,2,2,2,-1,3,1,4,0.0603949407149372,187191,0.05579554189085319,1.804210600378433,0.0,0.0,4.0,0.0,12.0,0.08333333333333333,6,1,5,34256.0,0.06070017708759025,0.062436946530658,0.051583829243689455,0.051583829243689455,0.056506296415886344,0,0.0
0.05372223227827954,8,2,2,2,1,3,0,3,0.0603949407149372,65559,0.052083333333333336,1.970142808832862,0.0,0.0,4.0,0.0,5.0,0.0,5,1,18,56258.0,0.06070017708759025,0.062436946530658,0.051583829243689455,0.051583829243689455,0.05996168582375479,0,0.0
0.0502591545048032,30,4,2,4,1,3,0,2,0.0478867515578434,115534,0.05579554189085319,2.0008394705357913,0.0,0.0,0.0,0.0,0.0,0.0,5,1,6,548313.0,0.04751209398756047,0.0480217456961643,0.051583829243689455,0.051583829243689455,0.0395010395010395,0,0.051583829243689455
0.0502591545048032,44,5,2,5,2,3,0,2,0.0603949407149372,151684,0.1111111111111111,1.9838922426693084,0.0,0.0,0.0,0.0,0.0,0.0,5,1,16,400751.0,0.06070017708759025,0.059632729868275905,0.051583829243689455,0.051583829243689455,0.0641799232035107,0,0.0
0.0502591545048032,8,2,2,2,1,3,0,4,0.0603949407149372,141934,0.05579554189085319,1.6579414149579819,0.0,0.0,0.0,0.0,0.0,0.0,5,1,0,999999.0,0.06070017708759025,0.062436946530658,0.051583829243689455,0.051583829243689455,0.058706687265504306,0,0.051583829243689455
0.0502591545048032,92,11,1,5,2,3,0,3,0.052770448548812667,144628,0.05579554189085319,1.3570716859393432,0.0,0.0,0.0,0.0,1.0,0.0,6,1,0,112346.0,0.05747126436781609,0.07792207792207792,0.051583829243689455,0.051583829243689455,0.049949566123000395,0,0.051583829243689455
0.05372223227827954,54,8,1,2,2,3,1,2,0.03792547643879776,78155,0.0392156862745098,1.6466671712706678,0.0,0.0,0.0,0.0,0.0,0.0,5,1,23,999999.0,0.03764274636966023,0.03898379325448971,0.051583829243689455,0.051583829243689455,0.01893939393939394,0,0.051583829243689455
0.0502591545048032,17,3,2,3,1,3,0,3,0.05719077568134172,61456,0.05579554189085319,1.6579414149579819,0.0,0.0,0.0,0.0,1.0,0.0,5,1,5,222761.0,0.05704555129842486,0.05656108597285068,0.051583829243689455,0.051583829243689455,0.038130381303813035,0,0.0
0.05372223227827954,0,9,1,3,-1,3,0,1,0.03614457831325301,47930,0.03333333333333333,1.8394863420693595,0.0,0.0,0.0,0.0,0.0,0.0,5,1,3,461215.0,0.03225806451612903,0.0,0.051583829243689455,0.051583829243689455,0.049949566123000395,0,0.051583829243689455
0.0502591545048032,0,5,2,5,-1,3,0,-1,0.05263157894736842,181458,0.0,1.3961826006817624,0.0,0.0,0.0,0.0,0.0,0.0,6,1,1,999999.0,0.0,0.0,0.051583829243689455,0.051583829243689455,0.049949566123000395,0,0.051583829243689455
0.0502591545048032,0,8,1,2,-1,3,0,2,0.0,1039,0.05579554189085319,1.8394863420693595,0.0,0.0,1.0,0.0,2.0,0.0,5,1,0,14543.0,0.0,0.0,0.051583829243689455,0.051583829243689455,0.049949566123000395,0,0.051583829243689455
0.0502591545048032,-1,-1,-1,-1,-1,-1,-1,-1,0.0545785726113595,144016,0.05710659898477157,1.777094949793928,1.0,0.0,2.0,0.0,2.0,0.0,5,1,2,3330.0,0.05222929936305733,0.05222929936305733,0.051583829243689455,0.051583829243689455,0.056617126680820945,0,0.051583829243689455
0.0502591545048032,0,3,2,3,-1,3,0,1,0.05093440820813485,214380,0.07142857142857142,1.9163427015318748,0.0,0.0,0.0,0.0,0.0,0.0,5,1,6,999999.0,0.05333951762523191,0.04519774011299435,0.051583829243689455,0.051583829243689455,0.02127659574468085,0,0.051583829243689455
0.0502591545048032,8,2,2,2,1,3,0,3,0.03691813804173355,248217,0.05579554189085319,1.757131886054717,0.0,0.0,0.0,0.0,1.0,0.0,5,1,6,207943.0,0.036637931034482756,0.022222222222222223,0.051583829243689455,0.051583829243689455,0.049949566123000395,0,0.051583829243689455
0.0502591545048032,0,7,1,1,-1,3,0,-1,0.0603949407149372,105620,0.07177406771727259,1.5875644833216505,1.0,0.0,1.0,0.0,1.0,0.0,5,1,1,23.0,0.058846855420731224,0.06603174603174604,0.051583829243689455,0.051583829243689455,0.05395082358558129,0,0.0
0.0502591545048032,-1,-1,-1,-1,-1,-1,-1,-1,0.04874074892300895,182227,0.048292108362779744,1.4818766360989102,0.0,0.0,4.0,0.0,4.0,0.0,6,1,3,5159.0,0.05854483925549915,0.05854483925549915,0.051583829243689455,0.051583829243689455,0.057076295864880604,0,0.3333333333333333
0.05372223227827954,0,10,1,4,-1,3,0,2,0.05245460659045057,4459,0.0,1.8681746132307353,2.0,0.0,4.0,0.0,12.0,0.08333333333333333,5,1,6,87.0,0.066006600660066,0.05873015873015873,0.051583829243689455,0.051583829243689455,0.07964601769911504,0,0.051583829243689455
0.0502591545048032,0,4,2,4,2,2,0,-1,0.0545785726113595,73832,0.05180388529139685,1.8131782269605679,0.0,0.0,1.0,0.0,7.0,0.14285714285714285,5,1,22,68098.0,0.05412298101445168,0.052408854166666664,0.051583829243689455,0.051583829243689455,0.06685878962536022,0,0.0
0.0502591545048032,-1,-1,-1,-1,-1,-1,-1,-1,0.055205047318611984,174769,0.0779816513761468,1.7890235001604364,0.0,0.0,1.0,0.0,1.0,0.0,5,1,17,46415.0,0.05639913232104121,0.05639913232104121,0.051583829243689455,0.051583829243689455,0.056910569105691054,0,0.051583829243689455
0.0502591545048032,0,3,2,3,-1,3,0,4,0.03575772318170761,59789,0.0,1.9021737291891516,0.0,0.0,0.0,0.0,0.0,0.0,6,1,0,999999.0,0.041019955654102,0.034519956850053934,0.051583829243689455,0.051583829243689455,0.042682926829268296,0,0.051583829243689455
0.05372223227827954,20,3,2,3,2,3,0,4,0.05749550979491249,15673,0.05579554189085319,1.8868305233226477,0.0,0.0,0.0,0.0,0.0,0.0,6,1,4,999999.0,0.057334763510062316,0.05543373989310676,0.051583829243689455,0.051583829243689455,0.051479062620053785,0,0.051583829243689455
0.05372223227827954,0,3,2,3,2,3,0,-1,0.05749550979491249,211884,0.06079693276735588,2.0164678395268,0.0,0.0,1.0,0.0,1.0,0.0,5,1,1,71231.0,0.057334763510062316,0.05543373989310676,0.051583829243689455,0.051583829243689455,0.053629218677762366,0,0.051583829243689455
0.0502591545048032,0,4,2,4,-1,1,0,-1,0.04894433781190019,228650,0.02097902097902098,1.7681175901689326,0.0,0.0,0.0,0.0,0.0,0.0,6,1,6,285535.0,0.037142857142857144,0.05319148936170213,0.051583829243689455,0.051583829243689455,0.049949566123000395,0,0.051583829243689455
0.0502591545048032,0,2,2,2,-1,2,1,-1,0.0603949407149372,131584,0.038461538461538464,1.880506958839086,1.0,0.0,1.0,0.0,1.0,0.0,5,1,0,58.0,0.06070017708759025,0.062436946530658,0.051583829243689455,0.051583829243689455,0.058706687265504306,0,0.051583829243689455
0.0502591545048032,85,11,1,5,1,2,0,3,0.04025974025974026,166392,0.0,2.037416521841526,0.0,0.0,0.0,0.0,0.0,0.0,5,1,7,999999.0,0.03784570596797671,0.0413625304136253,0.051583829243689455,0.051583829243689455,0.03076923076923077,0,0.051583829243689455
0.05372223227827954,0,9,1,3,-1,3,0,3,0.0603949407149372,13787,0.05579554189085319,1.8186214962232157,0.0,0.0,0.0,0.0,1.0,0.0,6,1,6,111447.0,0.058846855420731224,0.06054628224582701,0.051583829243689455,0.051583829243689455,0.06921760771504122,0,0.0
0.0502591545048032,0,3,2,3,2,2,0,-1,0.05187319884726225,145050,0.051583829243689455,1.637662762520353,1.0,0.0,6.0,0.0,10.0,0.0,6,1,6,785.0,0.05251312828207052,0.05399138787678039,0.051583829243689455,0.051583829243689455,0.04612850082372323,0,0.0
0.0502591545048032,0,4,2,4,-1,3,0,2,0.046511627906976744,214872,0.0,1.5397794579522743,0.0,0.0,0.0,0.0,0.0,0.0,6,1,5,999999.0,0.04201680672268908,0.09259259259259259,0.051583829243689455,0.051583829243689455,0.049949566123000395,0,0.051583829243689455
0.05372223227827954,0,3,2,3,2,3,0,-1,0.05749550979491249,13787,0.05579554189085319,1.7795609835022244,0.0,0.0,0.0,0.0,0.0,0.0,5,1,6,999999.0,0.057334763510062316,0.05543373989310676,0.051583829243689455,0.051583829243689455,0.05934536555521566,0,0.051583829243689455
0.0502591545048032,0,3,2,3,-1,1,0,-1,0.0603949407149372,174228,0.05579554189085319,1.8141402142832723,0.0,0.0,0.0,0.0,0.0,0.0,5,1,2,466458.0,0.06070017708759025,0.06054628224582701,0.051583829243689455,0.051583829243689455,0.06188503366131538,0,0.051583829243689455
0.0502591545048032,77,10,1,4,1,3,0,1,0.052854122621564484,203293,0.0,1.919871631657153,0.0,0.0,7.0,0.0,31.0,0.03225806451612903,5,1,1,76553.0,0.03870967741935484,0.04081632653061224,0.051583829243689455,0.051583829243689455,0.049949566123000395,0,0.0
0.0502591545048032,0,3,2,3,-1,3,0,4,0.04147982062780269,135059,0.04457050243111831,1.8131782269605679,0.0,0.0,0.0,0.0,2.0,0.0,5,1,3,204063.0,0.04171135740674532,0.044488383588729606,0.051583829243689455,0.051583829243689455,0.02697495183044316,0,0.051583829243689455
0.0502591545048032,2,1,2,1,1,3,0,3,0.0603949407149372,1734,0.07177406771727259,1.447007094802025,0.0,0.0,0.0,0.0,0.0,0.0,6,1,6,999999.0,0.06070017708759025,0.06603174603174604,0.051583829243689455,0.051583829243689455,0.06921760771504122,0,0.051583829243689455
0.05372223227827954,-1,-1,-1,-1,-1,-1,-1,-1,0.04874074892300895,128014,0.0,1.8402825130491083,0.0,0.0,0.0,0.0,0.0,0.0,5,1,3,999999.0,0.05854483925549915,0.05854483925549915,0.051583829243689455,0.051583829243689455,0.057076295864880604,0,0.051583829243689455
0.05372223227827954,0,2,2,2,1,3,0,-1,0.0603949407149372,56948,0.05579554189085319,1.9926648078181803,0.0,0.0,0.0,0.0,0.0,0.0,5,1,2,274805.0,0.06070017708759025,0.062436946530658,0.051583829243689455,0.051583829243689455,0.06188503366131538,0,0.0
0.05372223227827954,0,5,2,5,-1,3,0,2,0.05749550979491249,60305,0.05579554189085319,1.7405504459900154,0.0,0.0,0.0,0.0,1.0,0.0,5,1,0,253488.0,0.057334763510062316,0.0630307855626327,0.051583829243689455,0.051583829243689455,0.05317247542448615,0,0.051583829243689455
0.0502591545048032,0,5,2,5,-1,2,0,-1,0.05749550979491249,150711,0.05526315789473684,1.9985603616227083,0.0,0.0,0.0,0.0,1.0,0.0,6,1,0,203591.0,0.057334763510062316,0.0630307855626327,0.051583829243689455,0.051583829243689455,0.05317247542448615,0,0.0
0.05372223227827954,91,11,1,5,2,3,0,2,0.05235602094240838,189515,0.05579554189085319,1.6606403793348097,0.0,0.0,0.0,0.0,0.0,0.0,5,1,22,514735.0,0.047619047619047616,0.0,0.051583829243689455,0.051583829243689455,0.049949566123000395,0,0.051583829243689455
0.0502591545048032,0,11,1,5,-1,3,0,1,0.06818181818181818,147468,0.0,1.5745651437258248,0.0,0.0,0.0,0.0,2.0,0.0,6,1,1,241239.0,0.075,0.0,0.051583829243689455,0.051583829243689455,0.049949566123000395,0,0.051583829243689455
0.0502591545048032,0,3,2,3,-1,3,0,-1,0.04511677282377919,251233,0.043478260869565216,1.6659050929776016,0.0,0.0,0.0,0.0,1.0,0.0,6,1,0,233487.0,0.04747991234477721,0.043010752688172046,0.051583829243689455,0.051583829243689455,0.08602150537634409,0,0.051583829243689455
0.0502591545048032,0,10,1,4,1,3,0,-1,0.030201342281879196,163489,0.014925373134328358,1.9163427015318748,0.0,0.0,0.0,0.0,0.0,0.0,5,1,17,999999.0,0.045454545454545456,0.05357142857142857,0.051583829243689455,0.051583829243689455,0.049949566123000395,0,0.051583829243689455
0.0502591545048032,46,5,2,5,3,3,0,2,0.05471887550200803,243345,0.1,1.7026798402849839,0.0,0.0,0.0,0.0,0.0,0.0,6,1,7,999999.0,0.05704697986577181,0.04814004376367615,0.051583829243689455,0.051583829243689455,0.0379746835443038,0,0.051583829243689455
0.05372223227827954,34,4,2,4,2,3,0,4,0.042006648534300396,126929,0.061224489795918366,1.8545889886375557,0.0,0.0,0.0,0.0,0.0,0.0,6,1,0,999999.0,0.04191238416175232,0.03260225251926497,0.051583829243689455,0.051583829243689455,0.033846153846153845,0,0.051583829243689455
0.0502591545048032,-1,-1,-1,-1,-1,-1,-1,-1,0.05236907730673317,219786,0.0594059405940594,1.4885702656309057,0.0,0.0,0.0,0.0,0.0,0.0,6,1,1,374592.0,0.05555555555555555,0.05555555555555555,0.051583829243689455,0.051583829243689455,0.049949566123000395,0,0.051583829243689455
0.05372223227827954,49,6,2,6,2,3,0,2,0.05638782358581016,31211,0.045454545454545456,2.0808423085664507,0.0,0.0,4.0,0.0,7.0,0.0,5,1,23,6584.0,0.05639505458752079,0.06552706552706553,0.051583829243689455,0.051583829243689455,0.049214659685863874,0,0.051583829243689455
0.0502591545048032,0,4,2,4,1,3,0,-1,0.014729950900163666,232661,0.0,1.7513148227387971,0.0,0.0,0.0,0.0,0.0,0.0,5,1,8,999999.0,0.012244897959183673,0.019011406844106463,0.051583829243689455,0.051583829243689455,0.049949566123000395,0,0.051583829243689455
0.0502591545048032,2,1,2,1,1,3,0,4,0.04665629860031104,170971,0.051583829243689455,1.5451936315479267,0.0,0.0,1.0,1.0,5.0,0.2,5,1,22,0.0,0.04554455445544554,0.0423728813559322,0.051583829243689455,0.051583829243689455,0.049949566123000395,0,0.051583829243689455
0.0502591545048032,80,10,1,4,2,3,0,2,0.053763440860215055,115805,0.05579554189085319,1.4876916876005153,0.0,0.0,1.0,0.0,1.0,0.0,5,1,6,56120.0,0.05172413793103448,0.046030687124749836,0.051583829243689455,0.051583829243689455,0.054528650646950096,0,0.051583829243689455
0.05372223227827954,-1,-1,-1,-1,-1,-1,-1,-1,0.0603949407149372,19090,0.03816793893129771,1.8304098214920528,0.0,0.0,0.0,0.0,0.0,0.0,5,1,6,0.0,0.05981533520674428,0.05981533520674428,0.051583829243689455,0.051583829243689455,0.06921760771504122,0,0.051583829243689455
0.05372223227827954,35,4,2,4,2,3,0,2,0.0585956416464891,6970,0.05579554189085319,1.6807250824647135,0.0,0.0,0.0,0.0,0.0,0.0,5,1,16,999999.0,0.057914478619654916,0.05429864253393665,0.051583829243689455,0.051583829243689455,0.059490084985835696,0,0.051583829243689455
0.0502591545048032,0,3,2,3,2,3,0,-1,0.05749550979491249,174747,0.05579554189085319,1.6105399746434959,3.0,0.0,5.0,0.0,5.0,0.0,5,1,1,82.0,0.057334763510062316,0.05543373989310676,0.051583829243689455,0.051583829243689455,0.053629218677762366,0,0.0
0.0502591545048032,0,11,1,5,-1,3,0,-1,0.0603949407149372,5176,0.05579554189085319,1.7218947624700471,0.0,0.0,0.0,0.0,0.0,0.0,5,1,17,999999.0,0.058846855420731224,0.059632729868275905,0.051583829243689455,0.051583829243689455,0.0562019758507135,0,0.051583829243689455
0.0502591545048032,0,9,1,3,-1,2,0,4,0.08771929824561403,49355,0.023255813953488372,1.8131782269605679,1.0,0.0,4.0,0.0,4.0,0.0,6,1,4,142.0,0.1111111111111111,0.043478260869565216,0.051583829243689455,0.051583829243689455,0.049949566123000395,0,0.051583829243689455
0.0502591545048032,-1,-1,-1,-1,-1,-1,-1,-1,0.05749550979491249,20164,0.05579554189085319,1.569910485127325,0.0,0.0,0.0,0.0,0.0,0.0,5,1,21,322634.0,0.06289308176100629,0.06289308176100629,0.051583829243689455,0.051583829243689455,0.05870580386924616,0,0.051583829243689455
0.05372223227827954,0,5,2,5,-1,3,0,4,0.048214285714285716,78243,0.07142857142857142,2.2961680574479724,0.0,0.0,8.0,0.125,25.0,0.04,5,1,18,0.0,0.05249343832020997,0.045112781954887216,0.051583829243689455,0.051583829243689455,0.049949566123000395,0,0.14285714285714285
0.0502591545048032,0,4,2,4,-1,3,0,3,0.05719077568134172,46682,0.0,1.83126011355907,1.0,0.0,1.0,0.0,2.0,0.0,5,1,19,351.0,0.05704555129842486,0.05414931111823133,0.051583829243689455,0.051583829243689455,0.05392156862745098,0,0.0
0.0502591545048032,0,10,1,4,-1,3,0,4,0.05063291139240506,183448,0.0410958904109589,1.8197772781208725,1.0,0.0,1.0,0.0,1.0,0.0,5,1,5,78.0,0.06666666666666667,0.07894736842105263,0.051583829243689455,0.051583829243689455,0.049949566123000395,0,0.051583829243689455
0.0502591545048032,0,9,1,3,-1,3,0,4,0.0603949407149372,151041,0.05579554189085319,1.7218947624700471,0.0,0.0,0.0,0.0,0.0,0.0,5,1,17,437923.0,0.058846855420731224,0.06054628224582701,0.051583829243689455,0.051583829243689455,0.0562019758507135,0,0.051583829243689455
0.0502591545048032,79,10,1,4,2,3,0,1,0.034482758620689655,73648,0.04878048780487805,1.6759380249901916,0.0,0.0,2.0,0.0,2.0,0.0,5,1,19,16778.0,0.0,0.0,0.051583829243689455,0.051583829243689455,0.049949566123000395,0,0.051583829243689455
0.05372223227827954,0,2,2,2,-1,3,0,-1,0.05749550979491249,174747,0.05579554189085319,1.5499278077105543,1.0,0.0,2.0,0.0,7.0,0.14285714285714285,5,1,0,45.0,0.057334763510062316,0.056348451210487364,0.051583829243689455,0.051583829243689455,0.05317247542448615,0,0.0
0.0502591545048032,7,2,2,2,1,3,0,1,0.04680581910183428,117609,0.03143418467583497,1.912253049635755,0.0,0.0,1.0,0.0,7.0,0.0,6,1,7,51411.0,0.04645048203330412,0.04735883424408015,0.051583829243689455,0.051583829243689455,0.06060606060606061,0,0.0
0.0502591545048032,0,5,2,5,-1,3,0,2,0.0567517112632234,7575,0.05579554189085319,1.7924169706841675,0.0,0.0,0.0,0.0,1.0,0.0,6,1,6,0.0,0.05712944122710909,0.05570578691184424,0.051583829243689455,0.051583829243689455,0.06159420289855073,0,0.051583829243689455
0.0502591545048032,0,6,2,6,-1,3,0,-1,0.16393442622950818,197679,0.0,1.5772453563789952,0.0,0.0,0.0,0.0,0.0,0.0,5,1,21,999999.0,0.14583333333333334,0.051583829243689455,0.051583829243689455,0.051583829243689455,0.049949566123000395,0,0.051583829243689455
0.0502591545048032,66,9,1,3,2,3,0,1,0.046528173022196924,221871,0.05579554189085319,1.550342501126327,0.0,0.0,0.0,0.0,0.0,0.0,6,1,7,999999.0,0.04916593503072871,0.04473219540906415,0.051583829243689455,0.051583829243689455,0.036101083032490974,0,0.051583829243689455
0.0502591545048032,79,10,1,4,2,3,0,1,0.043923865300146414,215411,0.018518518518518517,1.893931943123261,0.0,0.0,0.0,0.0,0.0,0.0,6,1,5,999999.0,0.05813953488372093,0.0375,0.051583829243689455,0.051583829243689455,0.049949566123000395,0,0.051583829243689455
0.0502591545048032,2,1,2,1,1,3,0,4,0.05789775990809879,7785,0.05579554189085319,1.7542520263946595,0.0,0.0,0.0,0.0,0.0,0.0,5,1,0,999999.0,0.05863509749303621,0.06896551724137931,0.051583829243689455,0.051583829243689455,0.05725971370143149,0,0.051583829243689455
0.0502591545048032,0,5,2,5,-1,3,0,2,0.05749550979491249,150711,0.05526315789473684,1.9985603616227083,0.0,0.0,0.0,0.0,0.0,0.0,5,1,7,487841.0,0.057334763510062316,0.0630307855626327,0.051583829243689455,0.051583829243689455,0.05723766072169224,0,0.051583829243689455
0.0502591545048032,41,5,2,5,1,3,0,2,0.05719077568134172,56084,0.046511627906976744,1.8197772781208725,0.0,0.0,0.0,0.0,3.0,0.0,5,1,6,0.0,0.05704555129842486,0.06325301204819277,0.051583829243689455,0.051583829243689455,0.05491698595146871,0,0.051583829243689455
0.0502591545048032,0,2,2,2,-1,3,0,3,0.0545785726113595,22833,0.05579554189085319,1.5499278077105543,0.0,0.0,0.0,0.0,4.0,0.0,5,1,2,94027.0,0.05412298101445168,0.05500437700612781,0.051583829243689455,0.051583829243689455,0.056617126680820945,0,0.0
0.0502591545048032,0,2,2,2,-1,3,1,-1,0.04777777777777778,135860,0.09090909090909091,1.637662762520353,1.0,0.0,4.0,0.0,4.0,0.0,5,1,7,60.0,0.04677533664068037,0.05399568034557235,0.051583829243689455,0.051583829243689455,0.07142857142857142,0,0.051583829243689455
0.05372223227827954,0,2,2,2,-1,3,0,2,0.04874074892300895,249337,0.05579554189085319,1.83126011355907,0.0,0.0,2.0,0.0,2.0,0.0,5,1,3,34400.0,0.04815455594002307,0.050490326000530085,0.051583829243689455,0.051583829243689455,0.057076295864880604,0,0.051583829243689455
0.05372223227827954,0,9,1,3,2,3,0,-1,0.04874074892300895,3748,0.059907834101382486,1.7356879059276584,0.0,0.0,0.0,0.0,0.0,0.0,6,1,3,999999.0,0.04643569744240885,0.044897110787778007,0.051583829243689455,0.051583829243689455,0.057076295864880604,0,0.051583829243689455
0.0502591545048032,0,11,1,5,-1,3,0,4,0.038135593220338986,168744,0.05263157894736842,1.3973634811730353,1.0,0.0,1.0,0.0,6.0,0.0,5,1,7,69.0,0.013157894736842105,0.0,0.051583829243689455,0.051583829243689455,0.049949566123000395,0,0.051583829243689455
0.05372223227827954,0,11,1,5,-1,3,0,4,0.029508196721311476,128664,0.058823529411764705,2.239552905709629,0.0,0.0,1.0,0.0,1.0,0.0,6,1,2,82683.0,0.05128205128205128,0.02666666666666667,0.051583829243689455,0.051583829243689455,0.049949566123000395,0,0.051583829243689455
0.0502591545048032,33,4,2,4,2,3,0,2,0.06666666666666667,193122,0.05579554189085319,1.394994650280372,0.0,0.0,1.0,0.0,2.0,0.0,5,1,3,74172.0,0.07692307692307693,0.0,0.051583829243689455,0.051583829243689455,0.049949566123000395,0,0.051583829243689455
0.05372223227827954,0,9,1,3,-1,3,0,3,0.058713637576728046,789,0.05579554189085319,1.5854656189300385,2.0,0.0,6.0,0.0,13.0,0.0,5,1,13,297.0,0.06356413166855845,0.055944055944055944,0.051583829243689455,0.051583829243689455,0.049949566123000395,0,0.0
0.0502591545048032,0,11,1,5,-1,3,0,2,0.05638782358581016,227065,0.05579554189085319,1.6830650011356276,0.0,0.0,0.0,0.0,0.0,0.0,5,1,3,999999.0,0.052415210688591986,0.05872529919287504,0.051583829243689455,0.051583829243689455,0.06699751861042183,0,0.051583829243689455
0.05372223227827954,66,9,1,3,2,3,0,2,0.04874074892300895,94735,0.08059701492537313,1.7236894193081453,0.0,0.0,0.0,0.0,0.0,0.0,5,1,7,999999.0,0.04643569744240885,0.044897110787778007,0.051583829243689455,0.051583829243689455,0.04468412942989214,0,0.051583829243689455
0.0502591545048032,16,3,2,3,1,3,0,2,0.07086614173228346,86106,0.06329113924050633,1.569075841178953,0.0,0.0,0.0,0.0,0.0,0.0,5,1,14,999999.0,0.03225806451612903,0.05555555555555555,0.051583829243689455,0.051583829243689455,0.049949566123000395,0,0.051583829243689455
0.0502591545048032,-1,-1,-1,-1,-1,-1,-1,-1,0.05749550979491249,254076,0.049752039673652215,1.5957092304038698,0.0,0.0,2.0,0.0,3.0,0.0,5,1,4,0.0,0.06289308176100629,0.06289308176100629,0.051583829243689455,0.051583829243689455,0.051479062620053785,0,0.0
0.0502591545048032,0,4,2,4,-1,3,0,4,0.0478867515578434,114501,0.038461538461538464,1.9163427015318748,0.0,0.0,0.0,0.0,6.0,0.0,5,1,5,144991.0,0.04751209398756047,0.0480217456961643,0.051583829243689455,0.051583829243689455,0.0392156862745098,0,0.0
0.05372223227827954,0,10,1,4,-1,3,0,2,0.05642669775575634,23670,0.058161350844277676,1.9021737291891516,2.0,0.0,2.0,0.0,7.0,0.0,6,1,2,87.0,0.05560928433268859,0.052364864864864864,0.051583829243689455,0.051583829243689455,0.05466666666666667,0,0.0
0.0502591545048032,19,3,2,3,2,3,0,2,0.05749550979491249,103078,0.05579554189085319,1.9536571131560738,1.0,0.0,5.0,0.0,8.0,0.0,5,1,23,65.0,0.057334763510062316,0.05543373989310676,0.051583829243689455,0.051583829243689455,0.05003734129947722,0,0.0
0.0502591545048032,0,5,2,5,-1,3,0,3,0.038305281485780614,88716,0.06666666666666667,2.042586033451661,0.0,0.0,1.0,0.0,4.0,0.0,5,1,15,45258.0,0.04091816367265469,0.03812316715542522,0.051583829243689455,0.051583829243689455,0.049949566123000395,0,0.5
0.05372223227827954,0,5,2,5,-1,2,0,-1,0.03969489414694894,222020,0.0,2.0864389133846704,1.0,0.0,1.0,0.0,1.0,0.0,5,1,16,221.0,0.04260813428018076,0.04320502749410841,0.051583829243689455,0.051583829243689455,0.03571428571428571,0,0.051583829243689455
0.0502591545048032,0,1,2,1,-1,2,0,-1,0.04874074892300895,98731,0.0,1.781985597277665,0.0,0.0,0.0,0.0,0.0,0.0,5,1,21,468341.0,0.04815455594002307,0.05652704351362343,0.051583829243689455,0.051583829243689455,0.046501128668171555,0,0.0
0.05372223227827954,0,9,1,3,-1,3,0,1,0.03575772318170761,151604,0.049752039673652215,1.8862680216940895,0.0,0.0,0.0,0.0,1.0,0.0,5,1,13,0.0,0.03369272237196765,0.034519956850053934,0.051583829243689455,0.051583829243689455,0.049949566123000395,0,0.051583829243689455
0.05372223227827954,0,9,1,3,-1,3,0,2,0.03968253968253968,173184,0.03225806451612903,1.372306733580753,0.0,0.0,0.0,0.0,0.0,0.0,5,1,23,999999.0,0.03225806451612903,0.046511627906976744,0.051583829243689455,0.051583829243689455,0.049949566123000395,0,0.051583829243689455
0.05372223227827954,8,2,2,2,2,3,0,4,0.0603949407149372,164289,0.05579554189085319,1.9021737291891516,1.0,0.0,2.0,0.0,3.0,0.0,5,1,9,97.0,0.06070017708759025,0.062436946530658,0.051583829243689455,0.051583829243689455,0.06274821286735505,0,0.051583829243689455
0.05372223227827954,33,4,2,4,2,3,0,2,0.05789775990809879,233437,0.05579554189085319,1.7681175901689326,0.0,0.0,0.0,0.0,0.0,0.0,5,1,5,0.0,0.05863509749303621,0.05297098111469369,0.051583829243689455,0.051583829243689455,0.05198776758409786,0,0.0
0.05372223227827954,0,10,1,4,-1,3,0,-1,0.029508196721311476,27013,0.0,2.2433972635225845,0.0,0.0,0.0,0.0,0.0,0.0,5,1,19,445064.0,0.05128205128205128,0.02912621359223301,0.051583829243689455,0.051583829243689455,0.049949566123000395,0,0.051583829243689455
0.05372223227827954,0,8,1,2,-1,3,0,-1,0.02622950819672131,33287,0.03503184713375796,1.9026719155555414,0.0,0.0,4.0,0.0,7.0,0.14285714285714285,5,1,8,48534.0,0.01634877384196185,0.022099447513812154,0.051583829243689455,0.051583829243689455,0.049949566123000395,0,0.0
0.0502591545048032,0,2,2,2,-1,3,0,-1,0.04715106007067138,102679,0.05034965034965035,1.7405504459900154,0.0,0.0,0.0,0.0,0.0,0.0,6,1,2,999999.0,0.046084176877996805,0.04418828049951969,0.051583829243689455,0.051583829243689455,0.05152224824355972,0,0.051583829243689455
0.05372223227827954,0,5,2,5,-1,3,0,3,0.03080357142857143,89491,0.05263157894736842,2.0274129059095127,0.0,0.0,0.0,0.0,0.0,0.0,6,1,3,999999.0,0.027406417112299464,0.033854166666666664,0.051583829243689455,0.051583829243689455,0.061855670103092786,0,0.051583829243689455
0.0502591545048032,0,3,2,3,-1,3,0,3,0.04147982062780269,61314,0.06201550387596899,1.9026719155555414,0.0,0.0,2.0,0.0,3.0,0.0,5,1,14,26677.0,0.04171135740674532,0.044488383588729606,0.051583829243689455,0.051583829243689455,0.049723756906077346,0,0.051583829243689455
0.05372223227827954,19,3,2,3,2,3,0,2,0.05749550979491249,21552,0.05579554189085319,1.780778386075876,0.0,0.0,0.0,0.0,0.0,0.0,5,1,18,999999.0,0.057334763510062316,0.05543373989310676,0.051583829243689455,0.051583829243689455,0.05664410402565016,0,0.051583829243689455
0.0502591545048032,0,2,2,2,-1,3,0,3,0.0545785726113595,55386,0.05579554189085319,1.7236894193081453,1.0,0.0,1.0,0.0,1.0,0.0,5,1,20,572.0,0.05412298101445168,0.05500437700612781,0.051583829243689455,0.051583829243689455,0.053208996160175534,0,0.0
0.0502591545048032,-1,-1,-1,-1,-1,-1,-1,-1,0.05749550979491249,87468,0.05579554189085319,1.8031780619573845,0.0,0.0,0.0,0.0,0.0,0.0,5,1,13,999999.0,0.06289308176100629,0.06289308176100629,0.051583829243689455,0.051583829243689455,0.09166666666666666,0,0.051583829243689455
0.0502591545048032,0,10,1,4,-1,3,0,4,0.05187319884726225,158270,0.027777777777777776,1.83126011355907,0.0,0.0,0.0,0.0,2.0,0.5,6,1,5,169494.0,0.045137023105857065,0.0467741935483871,0.051583829243689455,0.051583829243689455,0.04006677796327212,0,0.051583829243689455
0.0502591545048032,5,2,2,2,1,3,1,2,0.04874074892300895,144016,0.05710659898477157,1.777094949793928,0.0,0.0,0.0,0.0,1.0,0.0,5,1,15,223857.0,0.04815455594002307,0.050490326000530085,0.051583829243689455,0.051583829243689455,0.04023972602739726,0,0.051583829243689455
0.0502591545048032,0,11,1,5,-1,3,0,2,0.03125,90969,0.0,1.9026719155555414,0.0,0.0,0.0,0.0,0.0,0.0,5,1,5,0.0,0.038461538461538464,0.1111111111111111,0.051583829243689455,0.051583829243689455,0.049949566123000395,0,0.051583829243689455
0.0502591545048032,0,11,1,5,-1,3,0,4,0.05789775990809879,12562,0.05707674508291554,1.9546513926697417,0.0,0.0,0.0,0.0,2.0,0.0,5,1,19,164336.0,0.05253940455341506,0.05979498861047836,0.051583829243689455,0.051583829243689455,0.041928721174004195,0,0.0
0.0502591545048032,0,4,2,4,1,2,0,-1,0.0585956416464891,6970,0.05579554189085319,1.6807250824647135,0.0,0.0,1.0,0.0,1.0,0.0,5,1,18,13382.0,0.057914478619654916,0.05429864253393665,0.051583829243689455,0.051583829243689455,0.033860045146726865,0,0.051583829243689455
0.0502591545048032,0,4,2,4,-1,3,0,4,0.04147982062780269,109161,0.05579554189085319,1.7795609835022244,0.0,0.0,0.0,0.0,0.0,0.0,5,1,8,259644.0,0.04171135740674532,0.038538205980066444,0.051583829243689455,0.051583829243689455,0.05442176870748299,0,0.0
0.0502591545048032,0,10,1,4,3,3,0,-1,0.053763440860215055,152544,0.14285714285714285,1.8402825130491083,0.0,0.0,0.0,0.0,0.0,0.0,5,1,23,999999.0,0.05172413793103448,0.046030687124749836,0.051583829243689455,0.051583829243689455,0.05802047781569966,0,0.051583829243689455
0.0502591545048032,5,2,2,2,1,3,1,3,0.03792547643879776,162370,0.0,1.7236894193081453,0.0,0.0,4.0,0.0,4.0,0.0,5,1,4,76410.0,0.039468963042698244,0.03898379325448971,0.051583829243689455,0.051583829243689455,0.02882882882882883,0,0.051583829243689455
0.05372223227827954,0,10,1,4,-1,3,0,3,0.049664429530201344,225124,0.051583829243689455,1.9938673724294378,0.0,0.0,0.0,0.0,0.0,0.0,5,1,16,999999.0,0.08860759493670886,0.01764705882352941,0.051583829243689455,0.051583829243689455,0.049949566123000395,0,0.051583829243689455
0.05372223227827954,91,11,1,5,2,3,0,2,0.0585956416464891,208352,0.05579554189085319,1.5451936315479267,0.0,0.0,3.0,0.0,8.0,0.0,5,1,5,4067.0,0.05674418604651163,0.057383320581484314,0.051583829243689455,0.051583829243689455,0.07168458781362007,0,0.051583829243689455
0.05372223227827954,0,6,2,6,-1,3,0,1,0.07216494845360824,112053,0.1,1.7182404735813999,0.0,0.0,0.0,0.0,0.0,0.0,5,1,1,999999.0,0.075,0.2,0.051583829243689455,0.051583829243689455,0.049949566123000395,0,0.051583829243689455
0.05372223227827954,0,2,2,2,-1,3,0,-1,0.06636155606407322,62595,0.05050761421319797,2.2288619431098464,0.0,0.0,0.0,0.0,0.0,0.0,5,1,18,999999.0,0.06775067750677506,0.036585365853658534,0.051583829243689455,0.051583829243689455,0.049949566123000395,0,0.051583829243689455
0.05372223227827954,0,4,2,4,-1,3,0,2,0.04833836858006042,10366,0.03333333333333333,1.6551684610466066,0.0,0.0,0.0,0.0,0.0,0.0,6,1,4,999999.0,0.051517939282428704,0.060109289617486336,0.051583829243689455,0.051583829243689455,0.049949566123000395,0,0.051583829243689455
0.05372223227827954,0,4,2,4,-1,3,0,1,0.0603949407149372,129190,0.012345679012345678,2.090535173545393,0.0,0.0,0.0,0.0,0.0,0.0,5,1,18,999999.0,0.06070017708759025,0.05795471218271629,0.051583829243689455,0.051583829243689455,0.05996168582375479,0,0.051583829243689455
0.05372223227827954,0,7,1,1,-1,3,0,4,0.03575772318170761,26166,0.0,1.8031780619573845,0.0,0.0,0.0,0.0,0.0,0.0,5,1,2,999999.0,0.03369272237196765,0.022443890274314215,0.051583829243689455,0.051583829243689455,0.02857142857142857,0,0.051583829243689455
0.0502591545048032,0,4,2,4,-1,3,0,-1,0.05789775990809879,249233,0.05579554189085319,1.8402825130491083,0.0,0.0,1.0,0.0,1.0,0.0,5,1,20,69049.0,0.05863509749303621,0.05297098111469369,0.051583829243689455,0.051583829243689455,0.06263498920086392,0,0.051583829243689455
0.0502591545048032,0,7,1,1,-1,2,0,-1,0.04189044038668099,187361,0.051583829243689455,1.85601087126303,0.0,0.0,0.0,0.0,8.0,0.0,5,1,2,104481.0,0.03435114503816794,0.06896551724137931,0.051583829243689455,0.051583829243689455,0.049949566123000395,0,0.051583829243689455
0.0502591545048032,0,4,2,4,2,3,0,-1,0.04846665236971907,44298,0.03225806451612903,1.8402825130491083,0.0,0.0,0.0,0.0,0.0,0.0,5,1,18,999999.0,0.047814608389557055,0.04803719008264463,0.051583829243689455,0.051583829243689455,0.05747126436781609,0,0.051583829243689455
0.05372223227827954,0,4,2,4,2,3,0,-1,0.062424242424242424,48485,0.05263157894736842,1.7945252020229931,0.0,0.0,0.0,0.0,1.0,0.0,5,1,2,144315.0,0.06106264869151467,0.0465587044534413,0.051583829243689455,0.051583829243689455,0.049949566123000395,0,0.0
0.0502591545048032,0,2,2,2,-1,3,1,-1,0.03319502074688797,192242,0.05555555555555555,1.804210600378433,0.0,0.0,3.0,0.0,8.0,0.0,5,1,1,26128.0,0.03260869565217391,0.031578947368421054,0.051583829243689455,0.051583829243689455,0.049949566123000395,0,0.051583829243689455
0.0502591545048032,0,5,2,5,-1,3,0,3,0.05531914893617021,198431,0.07894736842105263,1.8917875600189848,0.0,0.0,0.0,0.0,0.0,0.0,5,1,5,556100.0,0.045871559633027525,0.016666666666666666,0.051583829243689455,0.051583829243689455,0.049949566123000395,0,0.051583829243689455
0.05372223227827954,0,5,2,5,-1,3,0,1,0.055205047318611984,201079,0.0779816513761468,1.7389471062414086,0.0,0.0,0.0,0.0,0.0,0.0,5,1,4,999999.0,0.05502699922859347,0.05851063829787234,0.051583829243689455,0.051583829243689455,0.04779411764705882,0,0.051583829243689455
0.05372223227827954,0,3,2,3,-1,3,0,3,0.05638782358581016,26002,0.038461538461538464,1.8873850416893505,1.0,0.0,1.0,0.0,1.0,0.0,5,1,18,725.0,0.05639505458752079,0.05508893280632411,0.051583829243689455,0.051583829243689455,0.05714285714285714,0,0.051583829243689455
0.0502591545048032,0,3,2,3,-1,3,0,-1,0.053763440860215055,146183,0.05579554189085319,1.867527001142399,0.0,0.0,1.0,0.0,2.0,0.0,5,1,17,80463.0,0.05322423849643552,0.0527411519777932,0.051583829243689455,0.051583829243689455,0.04838709677419355,0,0.051583829243689455
0.05372223227827954,49,6,2,6,2,3,0,4,0.05749550979491249,132075,0.06779661016949153,1.8970839874548464,1.0,0.0,9.0,0.0,15.0,0.0,5,1,4,0.0,0.057334763510062316,0.056776556776556776,0.051583829243689455,0.051583829243689455,0.051479062620053785,0,0.0
0.0502591545048032,0,5,2,5,-1,3,0,2,0.0567517112632234,228159,0.05579554189085319,1.780778386075876,2.0,0.0,5.0,0.0,14.0,0.0,5,1,17,443.0,0.05712944122710909,0.05570578691184424,0.051583829243689455,0.051583829243689455,0.06937799043062201,0,0.0
0.0502591545048032,30,4,2,4,1,3,0,2,0.0603949407149372,74077,0.08333333333333333,1.9330849197075204,0.0,0.0,0.0,0.0,0.0,0.0,6,1,5,999999.0,0.06070017708759025,0.05795471218271629,0.051583829243689455,0.051583829243689455,0.056506296415886344,0,0.051583829243689455
0.0502591545048032,0,5,2,5,-1,3,0,1,0.0603949407149372,134791,0.05579554189085319,2.052853341898967,1.0,0.0,1.0,0.0,1.0,0.0,5,1,22,140.0,0.06070017708759025,0.059632729868275905,0.051583829243689455,0.051583829243689455,0.059580728208900334,0,0.0
0.05372223227827954,0,4,2,4,-1,3,0,2,0.0891089108910891,195540,0.050860134629768135,1.8606474570946345,0.0,0.0,1.0,0.0,8.0,0.0,5,1,16,0.0,0.05714285714285714,0.022222222222222223,0.051583829243689455,0.051583829243689455,0.049949566123000395,0,0.051583829243689455
0.0502591545048032,45,5,2,5,2,3,0,4,0.05638782358581016,6422,0.048576214405360134,1.8970839874548464,0.0,0.0,0.0,0.0,0.0,0.0,5,1,5,396205.0,0.05639505458752079,0.05872529919287504,0.051583829243689455,0.051583829243689455,0.05339366515837104,0,0.051583829243689455
0.0502591545048032,0,9,1,3,-1,1,0,-1,0.11320754716981132,229127,0.0,2.0648971139256496,0.0,0.0,0.0,0.0,0.0,0.0,6,1,0,999999.0,0.0967741935483871,0.0,0.051583829243689455,0.051583829243689455,0.049949566123000395,0,0.051583829243689455
0.05372223227827954,0,3,2,3,-1,3,0,2,0.024475524475524476,103373,0.04,1.603478573504849,0.0,0.0,1.0,0.0,1.0,0.0,6,1,5,83788.0,0.02109704641350211,0.013888888888888888,0.051583829243689455,0.051583829243689455,0.049949566123000395,0,0.051583829243689455
0.0502591545048032,0,9,1,3,1,1,0,-1,0.053763440860215055,231160,0.09090909090909091,1.7389471062414086,1.0,0.0,1.0,0.0,1.0,0.0,5,1,23,214.0,0.05172413793103448,0.0527411519777932,0.051583829243689455,0.051583829243689455,0.05802047781569966,0,0.051583829243689455
0.0502591545048032,0,1,2,1,-1,2,0,-1,0.0565676867219917,16007,0.06440071556350627,1.725286621127454,3.0,0.0,3.0,0.0,3.0,0.0,6,1,0,195.0,0.05659936072347392,0.05970149253731343,0.051583829243689455,0.051583829243689455,0.05832241153342071,0,0.051583829243689455
0.0502591545048032,0,5,2,5,-1,3,0,2,0.05392809587217044,15711,0.05027932960893855,1.9761078731375774,0.0,0.0,0.0,0.0,0.0,0.0,6,1,0,999999.0,0.0488997555012225,0.0744336569579288,0.051583829243689455,0.051583829243689455,0.06944444444444445,0,0.051583829243689455
0.0502591545048032,0,2,2,2,-1,3,1,2,0.05789775990809879,225048,0.06,1.7218947624700471,0.0,0.0,0.0,0.0,0.0,0.0,5,1,23,323156.0,0.05863509749303621,0.058423913043478264,0.051583829243689455,0.051583829243689455,0.056640625,0,0.051583829243689455
0.05372223227827954,20,3,2,3,2,3,0,3,0.0585956416464891,23670,0.05579554189085319,1.8545889886375557,0.0,0.0,0.0,0.0,1.0,0.0,6,1,7,89831.0,0.057914478619654916,0.05265772478887233,0.051583829243689455,0.051583829243689455,0.047186932849364795,0,0.051583829243689455
0.0502591545048032,34,4,2,4,3,3,0,4,0.04874074892300895,29736,0.05579554189085319,1.503300998004841,0.0,0.0,0.0,0.0,0.0,0.0,5,1,21,0.0,0.04815455594002307,0.04367754111620383,0.051583829243689455,0.051583829243689455,0.046501128668171555,0,0.051583829243689455
0.0502591545048032,0,10,1,4,-1,3,0,-1,0.058713637576728046,142716,0.05579554189085319,1.2177414206354382,0.0,0.0,1.0,0.0,3.0,0.0,5,1,17,62189.0,0.06356413166855845,0.05504587155963303,0.051583829243689455,0.051583829243689455,0.05154639175257732,0,0.051583829243689455
0.05372223227827954,0,5,2,5,-1,3,0,3,0.0603949407149372,76800,0.08695652173913043,2.106615686954142,1.0,0.0,1.0,0.0,1.0,0.0,5,1,5,42.0,0.06070017708759025,0.059632729868275905,0.051583829243689455,0.051583829243689455,0.056506296415886344,0,0.051583829243689455
0.0502591545048032,0,5,2,5,1,2,0,-1,0.0545785726113595,75600,0.02857142857142857,1.4660765372061442,0.0,0.0,0.0,0.0,0.0,0.0,5,1,23,334830.0,0.05412298101445168,0.05443411204354729,0.051583829243689455,0.051583829243689455,0.06290417401528513,0,0.051583829243689455
0.05372223227827954,0,12,1,6,-1,1,0,-1,0.043791054113231156,232690,0.05579554189085319,1.7783332269022314,0.0,0.0,0.0,0.0,0.0,0.0,5,1,2,999999.0,0.04054054054054054,0.02127659574468085,0.051583829243689455,0.051583829243689455,0.015037593984962405,0,0.051583829243689455
0.0502591545048032,0,3,2,3,-1,3,0,4,0.04712041884816754,212552,0.05,1.9080291992562277,0.0,0.0,0.0,0.0,2.0,0.0,5,1,19,152267.0,0.02631578947368421,0.04132231404958678,0.051583829243689455,0.051583829243689455,0.049949566123000395,0,0.051583829243689455
0.0502591545048032,0,3,2,3,-1,3,0,-1,0.05749550979491249,146023,0.13636363636363635,1.9026719155555414,0.0,0.0,0.0,0.0,0.0,0.0,6,1,5,366603.0,0.057334763510062316,0.05543373989310676,0.051583829243689455,0.051583829243689455,0.05506883604505632,0,0.0
0.05372223227827954,0,4,2,4,-1,3,0,4,0.052507836990595615,217222,0.0,1.947168383637879,0.0,0.0,0.0,0.0,0.0,0.0,5,1,4,999999.0,0.058394160583941604,0.059907834101382486,0.051583829243689455,0.051583829243689455,0.049949566123000395,0,0.051583829243689455
0.05372223227827954,0,4,2,4,2,2,0,-1,0.05187319884726225,132299,0.027777777777777776,1.6281310150671582,3.0,0.0,3.0,0.0,3.0,0.0,5,1,21,2205.0,0.05251312828207052,0.0467741935483871,0.051583829243689455,0.051583829243689455,0.06208053691275168,0,0.051583829243689455
0.05372223227827954,0,11,1,5,2,3,0,-1,0.0565676867219917,232644,0.05579554189085319,1.8810945047250232,0.0,0.0,1.0,0.0,1.0,0.0,5,1,18,44012.0,0.058224543080939946,0.06276150627615062,0.051583829243689455,0.051583829243689455,0.05062602068590093,0,0.051583829243689455
0.0502591545048032,0,5,2,5,-1,1,0,-1,0.0603949407149372,6930,0.05714285714285714,1.9330849197075204,1.0,1.0,1.0,1.0,2.0,0.5,5,1,18,395.0,0.06070017708759025,0.059632729868275905,0.051583829243689455,0.051583829243689455,0.05996168582375479,0,0.0
0.0502591545048032,0,1,2,1,-1,3,0,-1,0.05642669775575634,58337,0.05579554189085319,1.68988188256892,0.0,0.0,1.0,0.0,10.0,0.0,6,1,1,7135.0,0.05563321218898518,0.057534246575342465,0.051583829243689455,0.051583829243689455,0.04768041237113402,0,0.0
0.0502591545048032,34,4,2,4,2,3,0,3,0.05749550979491249,29624,0.06923076923076923,2.0192049927391618,0.0,0.0,0.0,0.0,0.0,0.0,6,1,7,651126.0,0.057334763510062316,0.05475424896646761,0.051583829243689455,0.051583829243689455,0.05723766072169224,0,0.051583829243689455
0.05372223227827954,0,3,2,3,1,3,0,-1,0.0603949407149372,37008,0.05579554189085319,1.7047134862451476,0.0,0.0,1.0,0.0,3.0,0.0,5,1,6,0.0,0.06070017708759025,0.06054628224582701,0.051583829243689455,0.051583829243689455,0.06921760771504122,0,0.0
0.0502591545048032,78,10,1,4,1,3,0,4,0.06749049429657794,141827,0.25,1.8243068483519838,0.0,0.0,0.0,0.0,1.0,0.0,6,1,1,113700.0,0.06841505131128849,0.07894736842105263,0.051583829243689455,0.051583829243689455,0.049949566123000395,0,0.051583829243689455
0.0502591545048032,81,10,1,4,2,3,0,4,0.04874074892300895,249337,0.05579554189085319,1.83126011355907,0.0,0.0,0.0,0.0,0.0,0.0,5,1,6,999999.0,0.04643569744240885,0.04367754111620383,0.051583829243689455,0.051583829243689455,0.048339483394833946,0,0.051583829243689455
0.0502591545048032,0,3,2,3,-1,3,0,-1,0.0603949407149372,224993,0.0410958904109589,1.8234126545313947,0.0,0.0,0.0,0.0,1.0,0.0,6,1,2,108181.0,0.06070017708759025,0.06054628224582701,0.051583829243689455,0.051583829243689455,0.06188503366131538,0,0.051583829243689455
0.0502591545048032,0,10,1,4,-1,2,0,2,0.0603949407149372,28339,0.05579554189085319,1.749824041026481,0.0,0.0,0.0,0.0,3.0,0.0,6,1,6,88886.0,0.058846855420731224,0.05795471218271629,0.051583829243689455,0.051583829243689455,0.06921760771504122,0,0.0
0.0502591545048032,0,3,2,3,-1,1,0,-1,0.03263707571801567,128186,0.015625,1.8907020599217577,0.0,0.0,0.0,0.0,0.0,0.0,5,1,8,999999.0,0.028740490278951817,0.02406417112299465,0.051583829243689455,0.051583829243689455,0.049949566123000395,0,0.051583829243689455
0.0502591545048032,67,9,1,3,2,3,0,3,0.046153846153846156,138617,0.0,1.755698992678211,0.0,0.0,1.0,0.0,2.0,0.0,5,1,16,60357.0,0.038461538461538464,0.0392156862745098,0.051583829243689455,0.051583829243689455,0.049949566123000395,0,0.051583829243689455
0.0502591545048032,0,4,2,4,-1,3,0,3,0.030609842241582294,132431,0.023346303501945526,1.8970839874548464,0.0,0.0,0.0,0.0,2.0,0.0,5,1,22,201796.0,0.03190519598906107,0.028216704288939052,0.051583829243689455,0.051583829243689455,0.02390438247011952,0,0.0
0.0502591545048032,0,5,2,5,-1,1,0,-1,0.05749550979491249,250448,0.05579554189085319,1.342163152897472,2.0,0.0,2.0,0.0,2.0,0.0,6,1,4,59.0,0.057334763510062316,0.0630307855626327,0.051583829243689455,0.051583829243689455,0.051479062620053785,0,0.051583829243689455
0.0502591545048032,-1,-1,-1,-1,-1,-1,-1,-1,0.04470588235294118,158654,0.0,1.7681175901689326,0.0,0.0,0.0,0.0,0.0,0.0,5,1,20,999999.0,0.037037037037037035,0.037037037037037035,0.051583829243689455,0.051583829243689455,0.049949566123000395,0,0.051583829243689455
0.0502591545048032,0,1,2,1,-1,3,0,-1,0.05749550979491249,47668,0.05579554189085319,1.7780864185173515,0.0,0.0,0.0,0.0,2.0,0.0,5,1,17,131764.0,0.057334763510062316,0.06445074989866234,0.051583829243689455,0.051583829243689455,0.05962384953981593,0,0.051583829243689455
0.0502591545048032,12,3,2,3,1,2,0,3,0.04025974025974026,161469,0.0,2.019590851607455,0.0,0.0,0.0,0.0,0.0,0.0,5,1,5,999999.0,0.042416452442159386,0.02866779089376054,0.051583829243689455,0.051583829243689455,0.03731343283582089,0,0.051583829243689455
0.05372223227827954,0,3,2,3,-1,3,0,2,0.04460966542750929,46108,0.05579554189085319,1.8410740844298052,0.0,0.0,0.0,0.0,0.0,0.0,5,1,21,999999.0,0.047049749325106055,0.047595438770451165,0.051583829243689455,0.051583829243689455,0.039473684210526314,0,0.051583829243689455
0.0502591545048032,0,10,1,4,-1,1,0,-1,0.04147982062780269,180113,0.04457050243111831,1.8131782269605679,0.0,0.0,0.0,0.0,0.0,0.0,5,1,20,505531.0,0.043916196615632556,0.038538205980066444,0.051583829243689455,0.051583829243689455,0.05049088359046283,0,0.0
0.0502591545048032,5,2,2,2,2,3,1,4,0.04874074892300895,21790,0.0,1.83126011355907,0.0,0.0,0.0,0.0,2.0,0.0,6,1,6,202786.0,0.04815455594002307,0.050490326000530085,0.051583829243689455,0.051583829243689455,0.048339483394833946,0,0.051583829243689455
0.0502591545048032,30,4,2,4,1,3,0,2,0.04912663755458515,128727,0.056291390728476824,1.7694345201285457,1.0,0.0,1.0,0.0,1.0,0.0,5,1,22,621.0,0.04881952781112445,0.04113924050632911,0.051583829243689455,0.051583829243689455,0.05084745762711865,0,0.051583829243689455
0.0502591545048032,78,10,1,4,1,3,0,4,0.0,111791,0.0,1.7218947624700471,0.0,0.0,0.0,0.0,1.0,0.0,6,1,5,203149.0,0.0,0.0,0.051583829243689455,0.051583829243689455,0.049949566123000395,0,0.051583829243689455
0.0502591545048032,0,2,2,2,-1,3,0,-1,0.05190592051905921,74808,0.05579554189085319,1.5916858743493758,0.0,0.0,1.0,0.0,1.0,0.0,6,1,4,14480.0,0.05268531754135185,0.044444444444444446,0.051583829243689455,0.051583829243689455,0.04225352112676056,0,0.051583829243689455
0.0502591545048032,0,10,1,4,-1,3,0,-1,0.04516129032258064,217723,0.1,1.7026798402849839,0.0,0.0,0.0,0.0,0.0,0.0,5,1,3,555476.0,0.10526315789473684,0.05714285714285714,0.051583829243689455,0.051583829243689455,0.049949566123000395,0,0.051583829243689455
0.05372223227827954,0,1,2,1,-1,3,0,-1,0.04874074892300895,200995,0.05579554189085319,1.6830650011356276,2.0,0.0,11.0,0.0,24.0,0.0,5,1,4,1968.0,0.04815455594002307,0.05652704351362343,0.051583829243689455,0.051583829243689455,0.05819070904645477,0,0.051583829243689455
0.0502591545048032,34,4,2,4,2,3,0,4,0.0,50623,0.0,1.9546513926697417,0.0,0.0,0.0,0.0,0.0,0.0,6,1,4,999999.0,0.0,0.0,0.051583829243689455,0.051583829243689455,0.049949566123000395,0,0.051583829243689455
0.0502591545048032,0,2,2,2,-1,3,0,-1,0.060032894736842105,195212,0.02127659574468085,1.7182404735813999,0.0,0.0,0.0,0.0,0.0,0.0,6,1,0,999999.0,0.05719921104536489,0.04590163934426229,0.051583829243689455,0.051583829243689455,0.049949566123000395,0,0.051583829243689455
0.0502591545048032,0,3,2,3,-1,2,0,-1,0.049452359384007244,221652,0.0,1.9674944787514983,0.0,0.0,0.0,0.0,0.0,0.0,5,1,19,999999.0,0.049427575908412145,0.05066250974279034,0.051583829243689455,0.051583829243689455,0.0494269340974212,0,0.051583829243689455
0.05372223227827954,20,3,2,3,2,3,0,4,0.04874074892300895,136388,0.06451612903225806,1.6579414149579819,0.0,0.0,0.0,0.0,4.0,0.0,6,1,2,0.0,0.04815455594002307,0.044897110787778007,0.051583829243689455,0.051583829243689455,0.04085480829666876,0,0.0
0.0502591545048032,0,2,2,2,-1,2,0,-1,0.08071748878923767,41662,0.07112970711297072,0.9179203620158715,1.0,0.0,4.0,0.0,6.0,0.0,6,1,1,0.0,0.08465608465608465,0.11627906976744186,0.051583829243689455,0.051583829243689455,0.049949566123000395,0,0.051583829243689455
0.0502591545048032,66,9,1,3,2,3,0,1,0.0374331550802139,51425,0.05579554189085319,1.6807250824647135,0.0,0.0,0.0,0.0,0.0,0.0,5,1,14,999999.0,0.017857142857142856,0.02631578947368421,0.051583829243689455,0.051583829243689455,0.049949566123000395,0,0.051583829243689455
0.0502591545048032,45,5,2,5,2,3,0,3,0.058713637576728046,51181,0.05579554189085319,1.2226204814183466,0.0,0.0,0.0,0.0,0.0,0.0,5,1,15,0.0,0.05389908256880734,0.05555555555555555,0.051583829243689455,0.051583829243689455,0.023668639053254437,0,0.051583829243689455
0.0502591545048032,0,2,2,2,-1,2,0,-1,0.0565676867219917,62848,0.07142857142857142,1.7026798402849839,6.0,0.5,7.0,0.42857142857142855,9.0,0.4444444444444444,5,1,9,0.0,0.05659936072347392,0.053558744139792586,0.051583829243689455,0.051583829243689455,0.06428571428571428,0,0.0
0.0502591545048032,0,2,2,2,-1,3,0,-1,0.0603949407149372,113095,0.05707674508291554,1.9485628011601908,0.0,0.0,0.0,0.0,0.0,0.0,5,1,20,531874.0,0.06070017708759025,0.062436946530658,0.051583829243689455,0.051583829243689455,0.061458718992965566,0,0.051583829243689455
0.0502591545048032,5,2,2,2,2,3,1,2,0.05749550979491249,147681,0.05579554189085319,1.4818766360989102,0.0,0.0,7.0,0.0,10.0,0.0,5,1,6,9328.0,0.057334763510062316,0.056348451210487364,0.051583829243689455,0.051583829243689455,0.05934536555521566,0,0.0
